repo,commit,parent,commit_date,removed_dep,commit_message,native_replacement_evidence,native_migration_score,lines_of_code_before,lines_of_code_after,avg_complexity_before,avg_complexity_after
trekhleb/javascript-algorithms,5ff0b40f7c287e15b87e831a0bd44f75ccf61b88,8d832ca5f27f6d584e833e6d3a4a1fe0b9ae970a,2018-04-27T08:51:48+03:00,npm,Update packages.,False,0,5628,5628,1.9914,1.9914
airbnb/javascript,0681a43e0a0181e8cafd0d3004f967a238411ba2,55899b57a6de826d8d762693d6d4f999d652ae2d,2024-01-04T19:14:38+00:00,object.entries,[eslint config] [*] [refactor] remove `object.entries` dependency,False,0,,,,
airbnb/javascript,fd96a4fd57be26d4d9d2f2d24b373a2df7c23548,81157eec2309449b31f36bf8940493623f2530c6,2022-12-30T14:48:36-08:00,object.assign,[eslint config] [*] [refactor] use object spread instead of `Object.assign`,False,0,,,,
airbnb/javascript,d8cb404da74c302506f91e5928f30cc75109e74d,52e710c14ec0197cfefe131061e1fe41c966f93b,2021-11-11T23:45:40+08:00,semver,[eslint config] [base] remove unneeded eslint version check,False,0,,,,
airbnb/javascript,21b65e943c361f91af5a484460fb2c8d02e2ff92,74deb81d1fa670a5a462f6ada29d9447cf61c7c0,2018-11-20T09:40:02+00:00,eslint-restricted-globals,[eslint config] [base] [deps] Switch to confusing-browser-globals,False,0,,,,
airbnb/javascript,20b6913202bdc9e394b6f9a4475dd9a46b1dc704,cac2d2848d4e1c777231e73478f2eaa23021c888,2015-08-08T17:46:56+03:00,strip-json-comments,Simplify ESLint config package.,False,0,11,220,1.0,5.5
airbnb/javascript,f5cac3cc5c1deae3912cc5f1d04712298a8dff19,2f55be7cc3525d20812918b0c2dc5a59f6504d0c,2015-07-30T14:48:32-07:00,airbnb-style,[eslint] remove most dependencies,False,0,11,11,1.0,1.0
airbnb/javascript,f5cac3cc5c1deae3912cc5f1d04712298a8dff19,2f55be7cc3525d20812918b0c2dc5a59f6504d0c,2015-07-30T14:48:32-07:00,babel-eslint,[eslint] remove most dependencies,False,0,11,11,1.0,1.0
airbnb/javascript,f5cac3cc5c1deae3912cc5f1d04712298a8dff19,2f55be7cc3525d20812918b0c2dc5a59f6504d0c,2015-07-30T14:48:32-07:00,eslint,[eslint] remove most dependencies,False,0,11,11,1.0,1.0
airbnb/javascript,f5cac3cc5c1deae3912cc5f1d04712298a8dff19,2f55be7cc3525d20812918b0c2dc5a59f6504d0c,2015-07-30T14:48:32-07:00,eslint-plugin-react,[eslint] remove most dependencies,False,0,11,11,1.0,1.0
airbnb/javascript,f5cac3cc5c1deae3912cc5f1d04712298a8dff19,2f55be7cc3525d20812918b0c2dc5a59f6504d0c,2015-07-30T14:48:32-07:00,resolve,[eslint] remove most dependencies,False,0,11,11,1.0,1.0
Chalarangelo/30-seconds-of-code,ac39b723d46a42b461af1eec65ce2d31212aea78,71ba2de6444cd348925b1d56291c6bfde33b07f7,2020-12-22T12:39:59+02:00,gatsby-plugin-remove-serviceworker,Remove gatsby-plugin-remove-serviceworker,False,0,,,,
Chalarangelo/30-seconds-of-code,8cb610715b763174611b3e82b0ee4876d3dc07ea,e7f8b7abe6012d03d6f8d77e27f9b51102d2c055,2020-08-19T21:10:08+03:00,sharp,Replace icon-font-generator with custom solution,False,0,,,,
Chalarangelo/30-seconds-of-code,fb14233f4be6b395f81adf801746086d135979f5,fab4b1902e8cd1f133d3208b7b54fe614bd3eebe,2019-08-24T11:56:00+03:00,feather-icons,"Regenerate lock, update Travis, setup GA, cleanup home page on mobile",False,0,2519,2517,1.7357,1.7357
Chalarangelo/30-seconds-of-code,fb14233f4be6b395f81adf801746086d135979f5,fab4b1902e8cd1f133d3208b7b54fe614bd3eebe,2019-08-24T11:56:00+03:00,focus-visible,"Regenerate lock, update Travis, setup GA, cleanup home page on mobile",False,0,2519,2517,1.7357,1.7357
Chalarangelo/30-seconds-of-code,fb14233f4be6b395f81adf801746086d135979f5,fab4b1902e8cd1f133d3208b7b54fe614bd3eebe,2019-08-24T11:56:00+03:00,jump.js,"Regenerate lock, update Travis, setup GA, cleanup home page on mobile",False,0,2519,2517,1.7357,1.7357
Chalarangelo/30-seconds-of-code,56549067cd98a037af48b5b2c10ba00dd85becff,20bad70e6666eee81fd482c9eb7a0c6689e6d9e4,2018-09-14T15:52:45+02:00,markdown-builder,move markdown-builder to devDependencies,False,0,,,,
Chalarangelo/30-seconds-of-code,dddb3bee1b87fff9f65883aef27bf81e9dbaadb0,3658b54d48f1ee0e4be61e750854be66d423eeb7,2018-01-25T12:48:33+01:00,jsdom,"add 1st browser test, fix jsdom to be in devDependencies",False,0,,,,
Chalarangelo/30-seconds-of-code,2292b56e1942028a7289f0540446dcfdddef126a,3e3a7b5df5ea4485e15e863f42e92e03b47b50c4,2018-01-02T16:53:59+02:00,babel-preset-env,Converted dependencies to devDependencies,False,0,,,,
Chalarangelo/30-seconds-of-code,2292b56e1942028a7289f0540446dcfdddef126a,3e3a7b5df5ea4485e15e863f42e92e03b47b50c4,2018-01-02T16:53:59+02:00,chalk,Converted dependencies to devDependencies,False,0,,,,
Chalarangelo/30-seconds-of-code,2292b56e1942028a7289f0540446dcfdddef126a,3e3a7b5df5ea4485e15e863f42e92e03b47b50c4,2018-01-02T16:53:59+02:00,fs-extra,Converted dependencies to devDependencies,False,0,,,,
Chalarangelo/30-seconds-of-code,2292b56e1942028a7289f0540446dcfdddef126a,3e3a7b5df5ea4485e15e863f42e92e03b47b50c4,2018-01-02T16:53:59+02:00,html-minifier,Converted dependencies to devDependencies,False,0,,,,
Chalarangelo/30-seconds-of-code,2292b56e1942028a7289f0540446dcfdddef126a,3e3a7b5df5ea4485e15e863f42e92e03b47b50c4,2018-01-02T16:53:59+02:00,markdown-it,Converted dependencies to devDependencies,False,0,,,,
Chalarangelo/30-seconds-of-code,2292b56e1942028a7289f0540446dcfdddef126a,3e3a7b5df5ea4485e15e863f42e92e03b47b50c4,2018-01-02T16:53:59+02:00,node-sass,Converted dependencies to devDependencies,False,0,,,,
Chalarangelo/30-seconds-of-code,2292b56e1942028a7289f0540446dcfdddef126a,3e3a7b5df5ea4485e15e863f42e92e03b47b50c4,2018-01-02T16:53:59+02:00,prettier,Converted dependencies to devDependencies,False,0,,,,
Chalarangelo/30-seconds-of-code,2292b56e1942028a7289f0540446dcfdddef126a,3e3a7b5df5ea4485e15e863f42e92e03b47b50c4,2018-01-02T16:53:59+02:00,rollup,Converted dependencies to devDependencies,False,0,,,,
Chalarangelo/30-seconds-of-code,2292b56e1942028a7289f0540446dcfdddef126a,3e3a7b5df5ea4485e15e863f42e92e03b47b50c4,2018-01-02T16:53:59+02:00,rollup-plugin-babel,Converted dependencies to devDependencies,False,0,,,,
Chalarangelo/30-seconds-of-code,2292b56e1942028a7289f0540446dcfdddef126a,3e3a7b5df5ea4485e15e863f42e92e03b47b50c4,2018-01-02T16:53:59+02:00,rollup-plugin-babel-minify,Converted dependencies to devDependencies,False,0,,,,
Chalarangelo/30-seconds-of-code,2292b56e1942028a7289f0540446dcfdddef126a,3e3a7b5df5ea4485e15e863f42e92e03b47b50c4,2018-01-02T16:53:59+02:00,semistandard,Converted dependencies to devDependencies,False,0,,,,
Chalarangelo/30-seconds-of-code,2292b56e1942028a7289f0540446dcfdddef126a,3e3a7b5df5ea4485e15e863f42e92e03b47b50c4,2018-01-02T16:53:59+02:00,tape,Converted dependencies to devDependencies,False,0,,,,
Chalarangelo/30-seconds-of-code,0f3f9dd8d2f1df7ceb19c0421d260906bce2beb2,36e6e181c2e8d3db673b65d89bde9104367acc92,2017-12-29T16:09:05+02:00,builder,Cleaned up .travis.yml,False,0,423,423,2.9545,2.9545
Chalarangelo/30-seconds-of-code,0f3f9dd8d2f1df7ceb19c0421d260906bce2beb2,36e6e181c2e8d3db673b65d89bde9104367acc92,2017-12-29T16:09:05+02:00,tagger,Cleaned up .travis.yml,False,0,423,423,2.9545,2.9545
Chalarangelo/30-seconds-of-code,0f3f9dd8d2f1df7ceb19c0421d260906bce2beb2,36e6e181c2e8d3db673b65d89bde9104367acc92,2017-12-29T16:09:05+02:00,webber,Cleaned up .travis.yml,False,0,423,423,2.9545,2.9545
Chalarangelo/30-seconds-of-code,ce8e2c9264466dc5681996d56e7d4cf826898aa8,47935b0eb09078e46c0b72d7a5fabdc348794c99,2017-12-29T16:05:07+02:00,concurrently,Clean up package.json,False,0,423,423,2.9545,2.9545
Chalarangelo/30-seconds-of-code,ce8e2c9264466dc5681996d56e7d4cf826898aa8,47935b0eb09078e46c0b72d7a5fabdc348794c99,2017-12-29T16:05:07+02:00,live-server,Clean up package.json,False,0,423,423,2.9545,2.9545
Chalarangelo/30-seconds-of-code,ce8e2c9264466dc5681996d56e7d4cf826898aa8,47935b0eb09078e46c0b72d7a5fabdc348794c99,2017-12-29T16:05:07+02:00,nodemon,Clean up package.json,False,0,423,423,2.9545,2.9545
open-webui/open-webui,81cefd8541d4582eeae2997f99ab7f788b0ea38a,06c1426e14ac0dfaf723485dbbc9723a4d89aba9,2025-09-12T21:52:46+04:00,svelte-tiptap,chore: bump,False,0,,,,
open-webui/open-webui,da91aba10f15ecb3d9ca2490a09dc6dfc4743716,fce27202d9ac2de16cfd9c076cf52bb783217080,2025-07-17T14:43:42+04:00,@tiptap/extension-character-count,chore: tiptap bump,False,0,,,,
open-webui/open-webui,da91aba10f15ecb3d9ca2490a09dc6dfc4743716,fce27202d9ac2de16cfd9c076cf52bb783217080,2025-07-17T14:43:42+04:00,@tiptap/extension-history,chore: tiptap bump,False,0,,,,
open-webui/open-webui,da91aba10f15ecb3d9ca2490a09dc6dfc4743716,fce27202d9ac2de16cfd9c076cf52bb783217080,2025-07-17T14:43:42+04:00,@tiptap/extension-placeholder,chore: tiptap bump,False,0,,,,
open-webui/open-webui,da91aba10f15ecb3d9ca2490a09dc6dfc4743716,fce27202d9ac2de16cfd9c076cf52bb783217080,2025-07-17T14:43:42+04:00,@tiptap/extension-table-cell,chore: tiptap bump,False,0,,,,
open-webui/open-webui,da91aba10f15ecb3d9ca2490a09dc6dfc4743716,fce27202d9ac2de16cfd9c076cf52bb783217080,2025-07-17T14:43:42+04:00,@tiptap/extension-table-header,chore: tiptap bump,False,0,,,,
open-webui/open-webui,da91aba10f15ecb3d9ca2490a09dc6dfc4743716,fce27202d9ac2de16cfd9c076cf52bb783217080,2025-07-17T14:43:42+04:00,@tiptap/extension-table-row,chore: tiptap bump,False,0,,,,
open-webui/open-webui,da91aba10f15ecb3d9ca2490a09dc6dfc4743716,fce27202d9ac2de16cfd9c076cf52bb783217080,2025-07-17T14:43:42+04:00,@tiptap/extension-task-item,chore: tiptap bump,False,0,,,,
open-webui/open-webui,da91aba10f15ecb3d9ca2490a09dc6dfc4743716,fce27202d9ac2de16cfd9c076cf52bb783217080,2025-07-17T14:43:42+04:00,@tiptap/extension-task-list,chore: tiptap bump,False,0,,,,
open-webui/open-webui,da91aba10f15ecb3d9ca2490a09dc6dfc4743716,fce27202d9ac2de16cfd9c076cf52bb783217080,2025-07-17T14:43:42+04:00,@tiptap/extension-underline,chore: tiptap bump,False,0,,,,
open-webui/open-webui,305435b4ef30317a920e6556afa176f1a80e4bbb,bd2021e8e127f7f35afbf2c10b7afeb7787861b7,2025-05-08T13:22:47+02:00,svelte-focus-trap,use npm package focus-trap instead of npm package focus-trap-svelte,False,0,,,,
open-webui/open-webui,92062ff7225e167adb2c47b92bfb04e0356a5266,623aa08b9ee9fff2611d629db584a6fb89925396,2024-08-16T15:19:47+02:00,marked-katex-extension,refac,False,0,,,,
open-webui/open-webui,781c904c9139664fc3ac3d3fff226f42664c510b,3aa6b0fea916bf13a12aa5757d4c2e41890c710d,2024-05-18T14:30:42+08:00,base-64,"refac: fetch pyodide deps at build time, not checked into git",False,0,7534,6068,1.7545,2.0192
open-webui/open-webui,781c904c9139664fc3ac3d3fff226f42664c510b,3aa6b0fea916bf13a12aa5757d4c2e41890c710d,2024-05-18T14:30:42+08:00,ws,"refac: fetch pyodide deps at build time, not checked into git",False,0,7534,6068,1.7545,2.0192
open-webui/open-webui,01a656cc80f5ae4243c787ac3b6e1f06a97b307b,6dedf9885f27110920a293c2ebfe12d158b34ccf,2024-05-16T20:25:55-10:00,@micropython/micropython-webassembly-pyscript,"feat: numpy, pandas support",False,0,7412,7412,1.7536,1.7536
open-webui/open-webui,85e94cc259173a9b7fcd71c76acb7e2013d5fd07,f0da5b9ea421d19f3198d7c79503d1e8a2f3096d,2024-04-27T19:04:57-04:00,jspdf,chore: removed unused frontend dependency,False,0,5630,5630,2.013,2.013
open-webui/open-webui,705f5aecd761e3675730dc681de81b0eff0ad5eb,5745b9c5db0452f50fe1e045a37dcf0477c3fbeb,2024-03-01T10:18:07+01:00,svelte-french-toast,svelte-sonner migration,False,0,3811,3811,2.1083,2.1083
open-webui/open-webui,3109f4dfac2a60a37df47e0162354c731cce87c3,0de7eda9e1feaac4725a61abefe00dfdb6eb5859,2023-12-18T22:03:19-08:00,http-server,chore: http-server dependency removed,False,0,239,239,2.4,2.4
open-webui/open-webui,ffaa1b17c5551729c0a21c786c4e6b7c55184af6,e93d465fbc53734005bc6303c3ef1b7462542f33,2023-12-14T14:24:56-08:00,hint.css,feat: show verbose info,False,0,203,203,2.7143,2.7143
mrdoob/three.js,73b3f248016fb73f2fe71da8616cdd7e20386f81,f82a77296cb601660ca39ec16b449771f3231f33,2023-01-31T14:40:12+09:00,three,Puppeteer E2E test: Auto-download browser (#25380),False,0,,,,
mrdoob/three.js,8823c82d1d2ed946c1de88e8f9a3d5f91a7929a6,ef59e58d05ed00082b0699882b8788bef33c6937,2017-03-07T20:26:46+01:00,electron,cleanup code electron,False,0,,,,
mrdoob/three.js,704e7210ebd6ffa92c647eb90a551a4ecf811fb5,4a84d64f3ff9be395b59598c5358adb1b94851a5,2016-05-25T09:45:27-07:00,three,"fix root npm publish operating, remove old utils/npm (#8991)",False,0,,,,
axios/axios,167cb8b8e7dbef7acd0be9b05bd50e4af2335291,4f7e3e3a7a9b91579faa328964c3d5fe30e661d7,2022-04-26T09:14:04+02:00,eslint-g,Remove eslint-g package as this seems have been added in error,False,0,13191,13191,1.9827,1.9827
axios/axios,1a32ca0601850dd79d05bbec497c7fd3f6fcc346,0cc22c2f42885448328fb42b008c2611dbcd06c6,2019-11-17T22:53:27-08:00,is-buffer,Remove dependency on is-buffer (#1816),False,0,8184,8200,1.6878,1.6891
axios/axios,e49237ce01cda1a36cd71d0bed636a2dc344dcb9,ffc0237a175b825b28c90dae221af2216309e52f,2015-08-10T19:00:27-06:00,es6-promise,Removing es6-promise dependency,False,0,8928,8919,1.917,1.9156
jaywcjlove/awesome-mac,061f2103e515ae4ea5fb6cc61d4bc09aa6657f9d,28af6bc46ddd87ffade12249dafa2374bc7dd8c4,2018-09-26T16:56:17+08:00,opencollective,Refactor the compiled code.,False,0,,175,,1.25
microsoft/Web-Dev-For-Beginners,6d168288afa95a508e226eff7c7bd6fb5f550b9c,38dbfaf39ebcbca6e50a23c55da204ed96d359cf,2024-08-30T13:20:53+01:00,core-js,upgrading app to vue 3,False,0,3429,3429,2.158,2.1619
microsoft/Web-Dev-For-Beginners,6d168288afa95a508e226eff7c7bd6fb5f550b9c,38dbfaf39ebcbca6e50a23c55da204ed96d359cf,2024-08-30T13:20:53+01:00,vue-i18n,upgrading app to vue 3,False,0,3429,3429,2.158,2.1619
anuraghazra/github-readme-stats,35485384e04f414ef559b4c376233137ca4fa6e5,ba9406e84c4c0a1c9d7aafddfbf5f408cebb170e,2025-10-04T19:02:39+03:00,upgrade,build(deps): remove unused upgrade dependency (#4509),False,0,,,,
anuraghazra/github-readme-stats,104bdd6cc751b3ab2b4f7eaa45b65f3e01aaca01,cae6c45592c8e818d8029f60c234ac13e5d8fa4a,2022-03-15T22:18:43+01:00,prettier,refactor: fix incorrect dependency types (#1648),False,0,,,,
louislam/uptime-kuma,2303302eef59e04ab124274c35a7f39cd89c28e1,43506c1b1df33eef7af297f299b728fda4ec2780,2025-10-09T23:05:39+02:00,node-radius-client,chore(deps): update compression dependencys and vendor the radius dependency (#6168),False,0,,,,
louislam/uptime-kuma,b398c8080ec13f26fd76e9cd5cb081bbab60f520,f65aebffb134701c1b7c12963c95ced991be24a7,2025-10-01T19:20:32+02:00,proxy-agent,fix: Replace proxy-agent due to vm2 vulnerability (#6156),False,0,,,,
louislam/uptime-kuma,953058c6a5047c82a58606e442c6e572e215e3ff,85c67b68663a09a91ca6d34c2ecef1c09b03aed1,2024-06-24T16:20:12+08:00,sqlite3,Drop out the testing repo from apt (#4878),False,0,,,,
louislam/uptime-kuma,83969d21122657e6d85c2819ad43a8b230af521e,dc154437164f6ec1b89b8e9f60e1cecc64709a28,2024-06-24T02:08:39+08:00,axios-ntlm,Update dependencies and embed axios-ntlm 1.3.0 into the project (#4877),False,0,,,,
louislam/uptime-kuma,88b7c047a859d83862f917b876b921ec026fef5a,533af0f56c04f2e11a9d1adbba8af347f35a56a7,2024-05-20T10:42:37+08:00,@louislam/sqlite3,Switch back to `TryGhost/node-sqlite3` from `louislam/node-sqlite3` (#4773),False,0,,,,
louislam/uptime-kuma,a3cdd69995a138a27fac31866e3993b3a44d3c67,d92003e1726f0dfd3f162973d2f29064a6dbf709,2024-04-29T13:58:43-06:00,snmp-native,Use net-snmp instead of snmp-native,False,0,,,,
louislam/uptime-kuma,530c8e5328dd0cd3f75f3bee006887e4b4a775fd,97ed0a96d8d57f4e34d3f9130e8cd9c1f8cf9e2a,2023-12-11T02:01:56+08:00,cacheable-lookup,Drop cacheable-lookup (#4178),False,0,,,,
louislam/uptime-kuma,771ca093311da70e807462c8077fca963a14cedc,3cb287a40e85927e05d265006b4ebb5c35f056b2,2023-05-25T13:41:35+08:00,whatwg-url,npm update (mainly for socket.io),False,0,,,,
louislam/uptime-kuma,a27386bb92ea7fd3022838d0080431e2477dc29f,f2c294e9e5d7e2bd8bcd4f7dd50459e89be26999,2023-05-13T00:59:58+08:00,bree,Fix: Use croner for clear-old-data,False,0,,,,
louislam/uptime-kuma,a8f0f1d872b359e53efada97ab8f9e84a72b8cad,f82d7b40076f5de15f1cc7e3538b53e988ff7e93,2023-02-01T15:51:33+08:00,dompurify,Merge manually and remove to devDependencies,False,0,,,,
louislam/uptime-kuma,a8f0f1d872b359e53efada97ab8f9e84a72b8cad,f82d7b40076f5de15f1cc7e3538b53e988ff7e93,2023-02-01T15:51:33+08:00,marked,Merge manually and remove to devDependencies,False,0,,,,
louislam/uptime-kuma,d9f12a6376804e269fcf0d665859f090d0b5575f,cc4ed308b05a335cdc225f35f28e0eee1af3653a,2023-01-12T01:05:16+08:00,ping,Fallback to `/bin/ping` if `ping` is not found,False,0,,,,
louislam/uptime-kuma,68875c3091aa2c32953365a2b4bcb4b0a157be89,f35d7c0a1a3f2adc2c6751fbc8856b638c301f72,2022-09-13T22:22:01+08:00,@fortawesome/fontawesome-svg-core,Fix merging issue,False,0,,,,
louislam/uptime-kuma,68875c3091aa2c32953365a2b4bcb4b0a157be89,f35d7c0a1a3f2adc2c6751fbc8856b638c301f72,2022-09-13T22:22:01+08:00,@fortawesome/free-regular-svg-icons,Fix merging issue,False,0,,,,
louislam/uptime-kuma,68875c3091aa2c32953365a2b4bcb4b0a157be89,f35d7c0a1a3f2adc2c6751fbc8856b638c301f72,2022-09-13T22:22:01+08:00,@fortawesome/free-solid-svg-icons,Fix merging issue,False,0,,,,
louislam/uptime-kuma,68875c3091aa2c32953365a2b4bcb4b0a157be89,f35d7c0a1a3f2adc2c6751fbc8856b638c301f72,2022-09-13T22:22:01+08:00,@fortawesome/vue-fontawesome,Fix merging issue,False,0,,,,
louislam/uptime-kuma,68875c3091aa2c32953365a2b4bcb4b0a157be89,f35d7c0a1a3f2adc2c6751fbc8856b638c301f72,2022-09-13T22:22:01+08:00,qrcode,Fix merging issue,False,0,,,,
louislam/uptime-kuma,2232236a7ada728c7547f96251b30c31d0a91579,dcecd10c88b8f9606e213254c40e135be9ddf978,2022-08-03T13:39:31+07:00,grpc-health-check,[empty commit] pull request for add gRPC protocol,False,0,,,,
louislam/uptime-kuma,624678826d8b1b2346dc51ac4e7cf01b98e014bb,e8c380759463862b4403b82fca14b734e9f44cbf,2022-07-04T03:59:20+08:00,@popperjs/core,"Move all frontend dependencies to devDependencies, as it is not used in the production environment",False,0,,,,
louislam/uptime-kuma,e8c380759463862b4403b82fca14b734e9f44cbf,4d8e7554009d0d80ac65e5b16e9e8ba036b3bd18,2022-07-04T03:54:56+08:00,@fortawesome/fontawesome-svg-core,"Move all frontend dependencies to devDependencies, as it is not used in the production environment",False,0,,,,
louislam/uptime-kuma,e8c380759463862b4403b82fca14b734e9f44cbf,4d8e7554009d0d80ac65e5b16e9e8ba036b3bd18,2022-07-04T03:54:56+08:00,@fortawesome/free-regular-svg-icons,"Move all frontend dependencies to devDependencies, as it is not used in the production environment",False,0,,,,
louislam/uptime-kuma,e8c380759463862b4403b82fca14b734e9f44cbf,4d8e7554009d0d80ac65e5b16e9e8ba036b3bd18,2022-07-04T03:54:56+08:00,@fortawesome/free-solid-svg-icons,"Move all frontend dependencies to devDependencies, as it is not used in the production environment",False,0,,,,
louislam/uptime-kuma,e8c380759463862b4403b82fca14b734e9f44cbf,4d8e7554009d0d80ac65e5b16e9e8ba036b3bd18,2022-07-04T03:54:56+08:00,@fortawesome/vue-fontawesome,"Move all frontend dependencies to devDependencies, as it is not used in the production environment",False,0,,,,
louislam/uptime-kuma,e8c380759463862b4403b82fca14b734e9f44cbf,4d8e7554009d0d80ac65e5b16e9e8ba036b3bd18,2022-07-04T03:54:56+08:00,bootstrap,"Move all frontend dependencies to devDependencies, as it is not used in the production environment",False,0,,,,
louislam/uptime-kuma,e8c380759463862b4403b82fca14b734e9f44cbf,4d8e7554009d0d80ac65e5b16e9e8ba036b3bd18,2022-07-04T03:54:56+08:00,chart.js,"Move all frontend dependencies to devDependencies, as it is not used in the production environment",False,0,,,,
louislam/uptime-kuma,e8c380759463862b4403b82fca14b734e9f44cbf,4d8e7554009d0d80ac65e5b16e9e8ba036b3bd18,2022-07-04T03:54:56+08:00,chartjs-adapter-dayjs,"Move all frontend dependencies to devDependencies, as it is not used in the production environment",False,0,,,,
louislam/uptime-kuma,e8c380759463862b4403b82fca14b734e9f44cbf,4d8e7554009d0d80ac65e5b16e9e8ba036b3bd18,2022-07-04T03:54:56+08:00,favico.js,"Move all frontend dependencies to devDependencies, as it is not used in the production environment",False,0,,,,
louislam/uptime-kuma,e8c380759463862b4403b82fca14b734e9f44cbf,4d8e7554009d0d80ac65e5b16e9e8ba036b3bd18,2022-07-04T03:54:56+08:00,postcss-rtlcss,"Move all frontend dependencies to devDependencies, as it is not used in the production environment",False,0,,,,
louislam/uptime-kuma,e8c380759463862b4403b82fca14b734e9f44cbf,4d8e7554009d0d80ac65e5b16e9e8ba036b3bd18,2022-07-04T03:54:56+08:00,postcss-scss,"Move all frontend dependencies to devDependencies, as it is not used in the production environment",False,0,,,,
louislam/uptime-kuma,e8c380759463862b4403b82fca14b734e9f44cbf,4d8e7554009d0d80ac65e5b16e9e8ba036b3bd18,2022-07-04T03:54:56+08:00,prismjs,"Move all frontend dependencies to devDependencies, as it is not used in the production environment",False,0,,,,
louislam/uptime-kuma,e8c380759463862b4403b82fca14b734e9f44cbf,4d8e7554009d0d80ac65e5b16e9e8ba036b3bd18,2022-07-04T03:54:56+08:00,qrcode,"Move all frontend dependencies to devDependencies, as it is not used in the production environment",False,0,,,,
louislam/uptime-kuma,e8c380759463862b4403b82fca14b734e9f44cbf,4d8e7554009d0d80ac65e5b16e9e8ba036b3bd18,2022-07-04T03:54:56+08:00,timezones-list,"Move all frontend dependencies to devDependencies, as it is not used in the production environment",False,0,,,,
louislam/uptime-kuma,e8c380759463862b4403b82fca14b734e9f44cbf,4d8e7554009d0d80ac65e5b16e9e8ba036b3bd18,2022-07-04T03:54:56+08:00,v-pagination-3,"Move all frontend dependencies to devDependencies, as it is not used in the production environment",False,0,,,,
louislam/uptime-kuma,e8c380759463862b4403b82fca14b734e9f44cbf,4d8e7554009d0d80ac65e5b16e9e8ba036b3bd18,2022-07-04T03:54:56+08:00,vue,"Move all frontend dependencies to devDependencies, as it is not used in the production environment",False,0,,,,
louislam/uptime-kuma,e8c380759463862b4403b82fca14b734e9f44cbf,4d8e7554009d0d80ac65e5b16e9e8ba036b3bd18,2022-07-04T03:54:56+08:00,vue-chart-3,"Move all frontend dependencies to devDependencies, as it is not used in the production environment",False,0,,,,
louislam/uptime-kuma,e8c380759463862b4403b82fca14b734e9f44cbf,4d8e7554009d0d80ac65e5b16e9e8ba036b3bd18,2022-07-04T03:54:56+08:00,vue-confirm-dialog,"Move all frontend dependencies to devDependencies, as it is not used in the production environment",False,0,,,,
louislam/uptime-kuma,e8c380759463862b4403b82fca14b734e9f44cbf,4d8e7554009d0d80ac65e5b16e9e8ba036b3bd18,2022-07-04T03:54:56+08:00,vue-contenteditable,"Move all frontend dependencies to devDependencies, as it is not used in the production environment",False,0,,,,
louislam/uptime-kuma,e8c380759463862b4403b82fca14b734e9f44cbf,4d8e7554009d0d80ac65e5b16e9e8ba036b3bd18,2022-07-04T03:54:56+08:00,vue-i18n,"Move all frontend dependencies to devDependencies, as it is not used in the production environment",False,0,,,,
louislam/uptime-kuma,e8c380759463862b4403b82fca14b734e9f44cbf,4d8e7554009d0d80ac65e5b16e9e8ba036b3bd18,2022-07-04T03:54:56+08:00,vue-image-crop-upload,"Move all frontend dependencies to devDependencies, as it is not used in the production environment",False,0,,,,
louislam/uptime-kuma,e8c380759463862b4403b82fca14b734e9f44cbf,4d8e7554009d0d80ac65e5b16e9e8ba036b3bd18,2022-07-04T03:54:56+08:00,vue-multiselect,"Move all frontend dependencies to devDependencies, as it is not used in the production environment",False,0,,,,
louislam/uptime-kuma,e8c380759463862b4403b82fca14b734e9f44cbf,4d8e7554009d0d80ac65e5b16e9e8ba036b3bd18,2022-07-04T03:54:56+08:00,vue-prism-editor,"Move all frontend dependencies to devDependencies, as it is not used in the production environment",False,0,,,,
louislam/uptime-kuma,e8c380759463862b4403b82fca14b734e9f44cbf,4d8e7554009d0d80ac65e5b16e9e8ba036b3bd18,2022-07-04T03:54:56+08:00,vue-qrcode,"Move all frontend dependencies to devDependencies, as it is not used in the production environment",False,0,,,,
louislam/uptime-kuma,e8c380759463862b4403b82fca14b734e9f44cbf,4d8e7554009d0d80ac65e5b16e9e8ba036b3bd18,2022-07-04T03:54:56+08:00,vue-router,"Move all frontend dependencies to devDependencies, as it is not used in the production environment",False,0,,,,
louislam/uptime-kuma,e8c380759463862b4403b82fca14b734e9f44cbf,4d8e7554009d0d80ac65e5b16e9e8ba036b3bd18,2022-07-04T03:54:56+08:00,vue-toastification,"Move all frontend dependencies to devDependencies, as it is not used in the production environment",False,0,,,,
louislam/uptime-kuma,e8c380759463862b4403b82fca14b734e9f44cbf,4d8e7554009d0d80ac65e5b16e9e8ba036b3bd18,2022-07-04T03:54:56+08:00,vuedraggable,"Move all frontend dependencies to devDependencies, as it is not used in the production environment",False,0,,,,
louislam/uptime-kuma,1f5466a3e84575d8fff8aec42b8b602123dfa8c4,d5da5af174644121d3d9df90e4945a32ba79eaaa,2022-06-23T15:54:33+08:00,axios-cached-dns-resolve,Revert #1598,False,0,,,,
louislam/uptime-kuma,1f5466a3e84575d8fff8aec42b8b602123dfa8c4,d5da5af174644121d3d9df90e4945a32ba79eaaa,2022-06-23T15:54:33+08:00,esm-wallaby,Revert #1598,False,0,,,,
louislam/uptime-kuma,cbfecab850a6bfbbaea3a71c60a17457874517ac,25cc54bf72f2c7ead8d7e45814e145c4d26acdcf,2022-05-04T15:45:18+09:30,esm,switch to the more-up-to-date esm-wallaby,False,0,,,,
louislam/uptime-kuma,e2dbacb383acdd981a5f09d07c3a4e6ee96770d5,9b05e86c253b23a95c3c173ba2b2911248ea49c8,2021-10-14T00:22:49+08:00,babel-plugin-rewire,Fix encoding problem of ping result for non-English Windows,False,0,,,,
louislam/uptime-kuma,5fa9b33c7989d4b7c35b6171754c615ac044f2be,f6a984b67166fa59ee57b2b5348268b9696ccbaf,2021-09-23T12:49:15+02:00,cross-env,Install `cross-env` as dev dependency for now,False,0,,,,
louislam/uptime-kuma,4591adc05ea2196e5c4da031ec2cdb5100c2f18d,6aaf984f29b6bef6bb9fb8f859744aa60a97ef59,2021-09-21T01:15:20+08:00,sqlite3,second attempt: prebuilt node-sqlite3 and update SQLite to 3.36,False,0,,,,
louislam/uptime-kuma,cd1a3a2fb96920e54884dcc26fa87deddeb0682e,3e7bb355fd623b74a5aa53bb3adacba7c48067a9,2021-09-01T14:33:00+08:00,@louislam/better-sqlite3-with-prebuilds,"revert back to node-sqlite3, as better-sqlite3 causes a lot of installation problems",False,0,,,,
louislam/uptime-kuma,0d65918a6a215e5d7ccee760ba85209ddc37776e,8c5d1945be03d3a1b1f5270fe75577102264884c,2021-08-31T19:56:44+08:00,bcrypt,"change bcrypt to bcryptjs, use my own prebuilt better-sqlite3, supports more prebuilt",False,0,,,,
louislam/uptime-kuma,0d65918a6a215e5d7ccee760ba85209ddc37776e,8c5d1945be03d3a1b1f5270fe75577102264884c,2021-08-31T19:56:44+08:00,better-sqlite3,"change bcrypt to bcryptjs, use my own prebuilt better-sqlite3, supports more prebuilt",False,0,,,,
louislam/uptime-kuma,2f50fc4c001ba30230149a6001f9258d699b3589,a02edf1b4ffc714bef1672286113f00b7342d568,2021-08-23T17:27:03+08:00,@louislam/sqlite3,"plan to switch to better-sqlite3, drop node-sqlite3",False,0,,,,
louislam/uptime-kuma,d3e24df2259d8b0e8a8a2dd06c89c7c98efb7cc7,8350bff6296c528fcedd359d8bd514b6bac6df10,2021-08-06T18:22:30+08:00,sqlite3,fix high severity vulnerabilities by using my fork sqlite3 package,False,0,3313,3313,3.1721,3.1721
louislam/uptime-kuma,7acb2655591c741af996eac1091119cca94fd6c5,582fb2fe29dba6a3cbcc64139caeb843238cfcd8,2021-07-22T09:01:51+01:00,bcryptjs,"Remove bcryptjs and node-gyp, they should not be here...",False,0,2647,2647,2.932,2.932
louislam/uptime-kuma,7acb2655591c741af996eac1091119cca94fd6c5,582fb2fe29dba6a3cbcc64139caeb843238cfcd8,2021-07-22T09:01:51+01:00,node-gyp,"Remove bcryptjs and node-gyp, they should not be here...",False,0,2647,2647,2.932,2.932
louislam/uptime-kuma,613c42b6d8e53566516ee5e498c4ca48bae979d4,a6e16116f2d12c5d169d13c98bf374cff79b51ca,2021-07-12T14:13:36+01:00,discord.js,"Discord revamp! Changed from bot to webhook, removed discord.js dep",False,0,2075,2099,2.7013,2.7792
typicode/json-server,15d38f94df83ce87ddc6a184b6e78ad8775764a2,1bd0771cee2cb65870a14322bfcfc2ff82eadd4c,2024-01-09T03:06:37+01:00,zod,chore: remove unused dependency,False,0,,,,
typicode/json-server,ef141aa530c101698eab44a0eca533e793888609,702377c13a52079f418fe8e889c57a6034f7cdd5,2024-01-02T02:44:13+01:00,body-parser,V1 (#1468),False,0,2895,1063,1.4282,2.3448
typicode/json-server,ef141aa530c101698eab44a0eca533e793888609,702377c13a52079f418fe8e889c57a6034f7cdd5,2024-01-02T02:44:13+01:00,chalk,V1 (#1468),False,0,2895,1063,1.4282,2.3448
typicode/json-server,ef141aa530c101698eab44a0eca533e793888609,702377c13a52079f418fe8e889c57a6034f7cdd5,2024-01-02T02:44:13+01:00,compression,V1 (#1468),False,0,2895,1063,1.4282,2.3448
typicode/json-server,ef141aa530c101698eab44a0eca533e793888609,702377c13a52079f418fe8e889c57a6034f7cdd5,2024-01-02T02:44:13+01:00,connect-pause,V1 (#1468),False,0,2895,1063,1.4282,2.3448
typicode/json-server,ef141aa530c101698eab44a0eca533e793888609,702377c13a52079f418fe8e889c57a6034f7cdd5,2024-01-02T02:44:13+01:00,cors,V1 (#1468),False,0,2895,1063,1.4282,2.3448
typicode/json-server,ef141aa530c101698eab44a0eca533e793888609,702377c13a52079f418fe8e889c57a6034f7cdd5,2024-01-02T02:44:13+01:00,errorhandler,V1 (#1468),False,0,2895,1063,1.4282,2.3448
typicode/json-server,ef141aa530c101698eab44a0eca533e793888609,702377c13a52079f418fe8e889c57a6034f7cdd5,2024-01-02T02:44:13+01:00,express,V1 (#1468),False,0,2895,1063,1.4282,2.3448
typicode/json-server,ef141aa530c101698eab44a0eca533e793888609,702377c13a52079f418fe8e889c57a6034f7cdd5,2024-01-02T02:44:13+01:00,express-urlrewrite,V1 (#1468),False,0,2895,1063,1.4282,2.3448
typicode/json-server,ef141aa530c101698eab44a0eca533e793888609,702377c13a52079f418fe8e889c57a6034f7cdd5,2024-01-02T02:44:13+01:00,json-parse-helpfulerror,V1 (#1468),False,0,2895,1063,1.4282,2.3448
typicode/json-server,ef141aa530c101698eab44a0eca533e793888609,702377c13a52079f418fe8e889c57a6034f7cdd5,2024-01-02T02:44:13+01:00,lodash,V1 (#1468),False,0,2895,1063,1.4282,2.3448
typicode/json-server,ef141aa530c101698eab44a0eca533e793888609,702377c13a52079f418fe8e889c57a6034f7cdd5,2024-01-02T02:44:13+01:00,lodash-id,V1 (#1468),False,0,2895,1063,1.4282,2.3448
typicode/json-server,ef141aa530c101698eab44a0eca533e793888609,702377c13a52079f418fe8e889c57a6034f7cdd5,2024-01-02T02:44:13+01:00,method-override,V1 (#1468),False,0,2895,1063,1.4282,2.3448
typicode/json-server,ef141aa530c101698eab44a0eca533e793888609,702377c13a52079f418fe8e889c57a6034f7cdd5,2024-01-02T02:44:13+01:00,morgan,V1 (#1468),False,0,2895,1063,1.4282,2.3448
typicode/json-server,ef141aa530c101698eab44a0eca533e793888609,702377c13a52079f418fe8e889c57a6034f7cdd5,2024-01-02T02:44:13+01:00,nanoid,V1 (#1468),False,0,2895,1063,1.4282,2.3448
typicode/json-server,ef141aa530c101698eab44a0eca533e793888609,702377c13a52079f418fe8e889c57a6034f7cdd5,2024-01-02T02:44:13+01:00,please-upgrade-node,V1 (#1468),False,0,2895,1063,1.4282,2.3448
typicode/json-server,ef141aa530c101698eab44a0eca533e793888609,702377c13a52079f418fe8e889c57a6034f7cdd5,2024-01-02T02:44:13+01:00,pluralize,V1 (#1468),False,0,2895,1063,1.4282,2.3448
typicode/json-server,ef141aa530c101698eab44a0eca533e793888609,702377c13a52079f418fe8e889c57a6034f7cdd5,2024-01-02T02:44:13+01:00,server-destroy,V1 (#1468),False,0,2895,1063,1.4282,2.3448
typicode/json-server,ef141aa530c101698eab44a0eca533e793888609,702377c13a52079f418fe8e889c57a6034f7cdd5,2024-01-02T02:44:13+01:00,yargs,V1 (#1468),False,0,2895,1063,1.4282,2.3448
typicode/json-server,e11a8617d140f1c88fcf142c06b043482311d8c3,e2be883214a21c45314fdda2eab1b64e4d843454,2023-09-29T15:33:19+02:00,standard,fix: move standard to devDependencies (#1454),False,0,2895,2895,1.4282,1.4282
typicode/json-server,bd3fa55e4e60353bd8d443b3fa77bd0cc0b0c3bd,04248d1a16eca1770936568316a2aab8ea9f82f0,2022-11-03T01:54:27+01:00,update-notifier,remove update-notifier (#1365),False,0,2849,2846,1.4298,1.4298
typicode/json-server,608da7c45da0516cc57f2fe74554f90f50981b62,18d72e6c3b45793666986ac78a160d6daf57fdee,2020-09-29T23:56:51+02:00,request,Replace deprecated request module with native. (#1175),False,0,,,,
typicode/json-server,8c37ce45002c68335ade936831f0c4d29f9a008d,574cb817dc0bb2a67cd5ed38a0fc3211d4058804,2020-02-12T00:37:15+01:00,object-assign,Remove dependency,False,0,,,,
typicode/json-server,84d989294b73bfe75eb19108b506b73fb11fb67a,3707376b8ab06e232e0a9bbe34eab9a292305e95,2017-10-10T23:49:50+02:00,shortid,Replace shortid to nanoid (#655),False,0,2564,2564,1.4608,1.4608
typicode/json-server,92532128da5ef7fd0bb936d84e5209db2fee8b14,fbdeb3179463faa321cef6f40db74eb8173a9e3b,2017-02-20T23:57:30+01:00,underscore-db,Use lodash-id,False,0,2452,2452,1.5231,1.5231
typicode/json-server,2b26630ac6379fba77eb104b22e83b41a004b52e,44bdfb490a986e9666abc2c4da5acd2b61b053cc,2016-11-12T01:59:43+01:00,chokidar,v0.9.0 (#404),False,0,2253,2347,1.5569,1.5314
typicode/json-server,2b26630ac6379fba77eb104b22e83b41a004b52e,44bdfb490a986e9666abc2c4da5acd2b61b053cc,2016-11-12T01:59:43+01:00,node-uuid,v0.9.0 (#404),False,0,2253,2347,1.5569,1.5314
typicode/json-server,9d1451c71bafb8fd43c854831aa2765a4c029612,32c76f4a3fa45945891b57a513a2490a22f28cc1,2016-06-30T22:57:53+02:00,got,use request for Node 0.12 compatibility,False,0,2067,2064,1.5277,1.5299
typicode/json-server,8ef3065c12375cc0a52bff7cdd323b389a45b5cb,e8fe1ad89a7188a53631b632003f7814deddcc1c,2015-05-25T14:54:15+02:00,underscore,Use lodash,False,0,906,906,1.8605,1.8605
typicode/json-server,db7712ac11f5492f35c8b37c5fe8ade60db736a2,7af6e40a8421e203cb47a10a78a3899dc913b9a7,2015-05-23T10:26:56-04:00,underscore,"replaced underscore with lodash, expanded querying capability to search through nested objects and arrays",False,0,849,870,1.8125,1.8889
typicode/json-server,c5167e6979b41739b533cfc1146ac10d5757662d,a023821381616f77eb6e4d006059151792751899,2015-05-22T02:15:07+02:00,underscore.inflections,Fix pluralization,False,0,849,849,1.8125,1.8125
typicode/json-server,d4f4c33679eaa0cfe7d7da1bffd8c736ffdf929f,419245a4e6216e9e5dc99a919c22a1c0ff8ba5d6,2015-05-04T19:23:48+02:00,serve-static,Use express.static and remove a dependency,False,0,828,828,1.6707,1.6707
typicode/json-server,419245a4e6216e9e5dc99a919c22a1c0ff8ba5d6,ca5156b372d69477c2c53b3723a750b52c2f99ec,2015-05-04T17:20:43+02:00,superagent,Remove unused dependency,False,0,828,828,1.6707,1.6707
typicode/json-server,6d88075ff2d1e405b8c393abe056dacbacf689e7,9c177806569f829e43848dbe1b9ba1a67873475e,2014-10-13T15:56:47+02:00,minimist,Refactor and update to LowDB 0.4,False,0,700,687,1.6301,1.6377
typicode/json-server,a69f706fb64e1517f82defa63f3bcc43bde31464,7b5ca69ef15181b906f9cc46b6bee1350b51de1c,2014-04-02T04:39:17+02:00,low,Update package.json,False,0,457,457,1.463,1.463
typicode/json-server,edf553c0ebdacb2261f12cdb290e679b56c501dd,c3fa967a0a6abfd8cec1f16649efe766cdd07599,2014-03-19T15:13:36+01:00,commander,Going back to express,False,0,426,416,1.3396,1.3654
typicode/json-server,edf553c0ebdacb2261f12cdb290e679b56c501dd,c3fa967a0a6abfd8cec1f16649efe766cdd07599,2014-03-19T15:13:36+01:00,logan,Going back to express,False,0,426,416,1.3396,1.3654
typicode/json-server,edf553c0ebdacb2261f12cdb290e679b56c501dd,c3fa967a0a6abfd8cec1f16649efe766cdd07599,2014-03-19T15:13:36+01:00,moment,Going back to express,False,0,426,416,1.3396,1.3654
typicode/json-server,edf553c0ebdacb2261f12cdb290e679b56c501dd,c3fa967a0a6abfd8cec1f16649efe766cdd07599,2014-03-19T15:13:36+01:00,restify,Going back to express,False,0,426,416,1.3396,1.3654
typicode/json-server,edf553c0ebdacb2261f12cdb290e679b56c501dd,c3fa967a0a6abfd8cec1f16649efe766cdd07599,2014-03-19T15:13:36+01:00,ecstatic,Going back to express,False,0,426,416,1.3396,1.3654
typicode/json-server,bc36ab093ef3bd751b1d3bf7553fa896f80427d1,0076e2e91bac6f0671ec76d707b33855313dc9e6,2013-12-17T00:20:20+01:00,request,Fix --url option,False,0,713,714,1.3367,1.3367
hakimel/reveal.js,ab273a19f22c963e9ea33dca9d72d33fc03c6377,a0a1ae193f0b18391a934a3f46e22527c4430fc4,2020-05-08T20:21:51+02:00,highlight.js,move dependencies to dev,False,0,,,,
hakimel/reveal.js,ab273a19f22c963e9ea33dca9d72d33fc03c6377,a0a1ae193f0b18391a934a3f46e22527c4430fc4,2020-05-08T20:21:51+02:00,marked,move dependencies to dev,False,0,,,,
hakimel/reveal.js,93cdf8cfccb005d5b14570eb8f265cb48bcb0fc5,f138f507a04da117f92ee6fc85a9e88b442b432f,2020-04-22T13:22:01+02:00,express,move multiplex plugin out to reveal/reveal-multiplex repo,False,0,,,,
hakimel/reveal.js,93cdf8cfccb005d5b14570eb8f265cb48bcb0fc5,f138f507a04da117f92ee6fc85a9e88b442b432f,2020-04-22T13:22:01+02:00,grunt-cli,move multiplex plugin out to reveal/reveal-multiplex repo,False,0,,,,
hakimel/reveal.js,93cdf8cfccb005d5b14570eb8f265cb48bcb0fc5,f138f507a04da117f92ee6fc85a9e88b442b432f,2020-04-22T13:22:01+02:00,mustache,move multiplex plugin out to reveal/reveal-multiplex repo,False,0,,,,
hakimel/reveal.js,93cdf8cfccb005d5b14570eb8f265cb48bcb0fc5,f138f507a04da117f92ee6fc85a9e88b442b432f,2020-04-22T13:22:01+02:00,socket.io,move multiplex plugin out to reveal/reveal-multiplex repo,False,0,,,,
hakimel/reveal.js,d22c7bfad1e97f76815bd3e2b9748c00bb3696c0,6ff28af1b388e965e7210039206f3230b0789da1,2020-04-21T09:36:43+02:00,core-js,tidying up,False,0,,,,
hakimel/reveal.js,d54353c4e12a8a488199933f6af877f9a37344e8,0c8ac8f1ee45beae94b80f2945963971d87bca07,2020-04-16T14:51:34+02:00,highlight.js,switch to rollup for easier build config,False,0,,,,
hakimel/reveal.js,9eb56f8146e9d4d57e579fcc1a40ae370b036e5b,0eb2d81f351478b0625cb61838dc36baf2170aec,2016-03-06T16:52:02+08:00,underscore,Remove unused dependencies.,False,0,,,,
chartjs/Chart.js,ed2b96eeafa19563d535c266b10fda6023ca85b1,88c585b11e82ab9fa8d83f1878543ab293c8f0fa,2021-03-30T10:32:39-04:00,@docusaurus/core,Switch docs to Vuepress to match other chart.js repositories (#8751),False,0,58335,58433,2.1568,2.1592
chartjs/Chart.js,ed2b96eeafa19563d535c266b10fda6023ca85b1,88c585b11e82ab9fa8d83f1878543ab293c8f0fa,2021-03-30T10:32:39-04:00,@docusaurus/plugin-google-analytics,Switch docs to Vuepress to match other chart.js repositories (#8751),False,0,58335,58433,2.1568,2.1592
chartjs/Chart.js,ed2b96eeafa19563d535c266b10fda6023ca85b1,88c585b11e82ab9fa8d83f1878543ab293c8f0fa,2021-03-30T10:32:39-04:00,@docusaurus/preset-classic,Switch docs to Vuepress to match other chart.js repositories (#8751),False,0,58335,58433,2.1568,2.1592
chartjs/Chart.js,ed2b96eeafa19563d535c266b10fda6023ca85b1,88c585b11e82ab9fa8d83f1878543ab293c8f0fa,2021-03-30T10:32:39-04:00,@docusaurus/theme-live-codeblock,Switch docs to Vuepress to match other chart.js repositories (#8751),False,0,58335,58433,2.1568,2.1592
chartjs/Chart.js,ed2b96eeafa19563d535c266b10fda6023ca85b1,88c585b11e82ab9fa8d83f1878543ab293c8f0fa,2021-03-30T10:32:39-04:00,classnames,Switch docs to Vuepress to match other chart.js repositories (#8751),False,0,58335,58433,2.1568,2.1592
chartjs/Chart.js,ed2b96eeafa19563d535c266b10fda6023ca85b1,88c585b11e82ab9fa8d83f1878543ab293c8f0fa,2021-03-30T10:32:39-04:00,react,Switch docs to Vuepress to match other chart.js repositories (#8751),False,0,58335,58433,2.1568,2.1592
chartjs/Chart.js,ed2b96eeafa19563d535c266b10fda6023ca85b1,88c585b11e82ab9fa8d83f1878543ab293c8f0fa,2021-03-30T10:32:39-04:00,react-dom,Switch docs to Vuepress to match other chart.js repositories (#8751),False,0,58335,58433,2.1568,2.1592
chartjs/Chart.js,b8ad2a6a0a49cedbf8c0e84b716721f963f619e6,2bbe244570d3122c6398306e3bf7553d0372ae27,2020-07-13T09:41:42-04:00,@kurkle/color,Registry bugs (#7608),False,0,44606,44604,2.2322,2.231
chartjs/Chart.js,fa79eb8797b03d97a55616a2af19c9ed68a91389,795c86e95b73c95a599cfd5ca16401dc3c6e6699,2020-02-07T19:24:29-05:00,chartjs-color,Switch from chartjs-color to @kurkle/color (#7059),False,0,43443,43443,2.1531,2.1526
chartjs/Chart.js,8f0de52c4e446b33c4dbcf0e738f67eabdd43f6d,7f97adf5a05d59ce388f62d958926f598fa0bcf5,2019-11-15T13:13:33-05:00,moment,Remove moment from dependencies (#6745),False,0,42088,42088,2.0303,2.0303
juliangarnier/anime,4d7be28f2731782e516852147370a67be5fb5f4a,162198c0651edf5aa090be4ac9f7ec07a3fbda37,2017-05-31T17:41:12+02:00,google-closure-compiler-js,dependencies > devDependencies #149,False,0,,,,
juliangarnier/anime,e097f7b56442db5281cdea857cacaa9ae7e80339,1e00b03a5c35f8f504fd74e34cc69694eb225f47,2017-02-18T20:03:30+01:00,node-minify,Replace node-minify by GCC,False,0,,,,
lodash/lodash,4d3f4e096b0a0f44bf06c9dec5476bc6e322d646,7629bca62d7e255f622a0b078f59982c26532fda,2012-11-06T07:47:57-08:00,tar,Remove `tar` module dependency from package.json and cleanup /vendors.,False,0,,,,
adam-p/markdown-here,e243649d600b9e2787f97aa09f3862e44190b53b,09ab28c8feab735db28f94d09da0b1b30214a8f9,2025-06-30T19:19:38-04:00,markdown-it,remove unused dependency,False,0,,,,
adam-p/markdown-here,de6f1f52d69947b8890738c594eee711deddb7fb,69b3808615938e42c1b0321e50ecb07d648f3f38,2025-06-30T08:30:47-04:00,metascript,remove defunct Safari support; remove precompilation,False,0,,,,
adam-p/markdown-here,9ab5307f6fb6048293d6d0d0acae4fc7f6844237,e8daf1b637e18968091fab24b1a140a20410f2a4,2012-09-01T23:36:38-04:00,tako,Removed pointless static file server. Added Sublime project files to gitignore.,False,0,,,,
adam-p/markdown-here,93ffeb6ac40f09ac9ede466241a66078b4a57167,4137d4effb5841044325baada8aef38ad540fd7e,2012-07-02T09:04:51-04:00,express,Changed test server to use tako instead of express. Been having trouble with express since node went to 0.8.,False,0,,,,
gorhill/uBlock,387983532447093bc0995809fd7c36b68fa3966c,f1106acf4b52dbf9378cb6cf4065c67a7b12d7b3,2021-08-02T09:17:56-04:00,rollup,Remove bundle generation from Node.js package (#3796),False,0,,,,
gorhill/uBlock,387983532447093bc0995809fd7c36b68fa3966c,f1106acf4b52dbf9378cb6cf4065c67a7b12d7b3,2021-08-02T09:17:56-04:00,rollup-plugin-terser,Remove bundle generation from Node.js package (#3796),False,0,,,,
angular/angular.js,295213df9537666254626ffe3e4a6013122e4802,a31c207bf1da10c6a1fbbaf289cafe19f481ad41,2020-05-26T17:39:51+03:00,firebase,chore(*): clean up `package.json` and CircleCI config,False,0,,,,
angular/angular.js,295213df9537666254626ffe3e4a6013122e4802,a31c207bf1da10c6a1fbbaf289cafe19f481ad41,2020-05-26T17:39:51+03:00,firebase-tools,chore(*): clean up `package.json` and CircleCI config,False,0,,,,
angular/angular.js,295213df9537666254626ffe3e4a6013122e4802,a31c207bf1da10c6a1fbbaf289cafe19f481ad41,2020-05-26T17:39:51+03:00,node-glob,chore(*): clean up `package.json` and CircleCI config,False,0,,,,
angular/angular.js,e7ac7aa43b88932a08140c2dabb8000e285f06d7,37781ed14587f96a97e5cbb6e29a66399f84a6fd,2014-02-03T19:25:47-05:00,grunt-contrib-jshint,"chore(Gruntfile.js, package.json): use load-grunt-tasks and move grunt-contrib-jshint into devDependencies",False,0,,,,
angular/angular.js,eb21eb5a06814e061983570e7e5b67322dc9e9ed,5a34464198f1ca108ddd085181a832d3aa181c31,2013-05-21T03:39:36-07:00,grunt,chore(package.json): use `devDependencies` instead of `dependencies`,False,0,,,,
angular/angular.js,eb21eb5a06814e061983570e7e5b67322dc9e9ed,5a34464198f1ca108ddd085181a832d3aa181c31,2013-05-21T03:39:36-07:00,grunt-contrib-clean,chore(package.json): use `devDependencies` instead of `dependencies`,False,0,,,,
angular/angular.js,eb21eb5a06814e061983570e7e5b67322dc9e9ed,5a34464198f1ca108ddd085181a832d3aa181c31,2013-05-21T03:39:36-07:00,grunt-contrib-compress,chore(package.json): use `devDependencies` instead of `dependencies`,False,0,,,,
angular/angular.js,eb21eb5a06814e061983570e7e5b67322dc9e9ed,5a34464198f1ca108ddd085181a832d3aa181c31,2013-05-21T03:39:36-07:00,grunt-contrib-connect,chore(package.json): use `devDependencies` instead of `dependencies`,False,0,,,,
angular/angular.js,eb21eb5a06814e061983570e7e5b67322dc9e9ed,5a34464198f1ca108ddd085181a832d3aa181c31,2013-05-21T03:39:36-07:00,grunt-contrib-copy,chore(package.json): use `devDependencies` instead of `dependencies`,False,0,,,,
angular/angular.js,eb21eb5a06814e061983570e7e5b67322dc9e9ed,5a34464198f1ca108ddd085181a832d3aa181c31,2013-05-21T03:39:36-07:00,jasmine-node,chore(package.json): use `devDependencies` instead of `dependencies`,False,0,,,,
angular/angular.js,eb21eb5a06814e061983570e7e5b67322dc9e9ed,5a34464198f1ca108ddd085181a832d3aa181c31,2013-05-21T03:39:36-07:00,q,chore(package.json): use `devDependencies` instead of `dependencies`,False,0,,,,
angular/angular.js,eb21eb5a06814e061983570e7e5b67322dc9e9ed,5a34464198f1ca108ddd085181a832d3aa181c31,2013-05-21T03:39:36-07:00,q-fs,chore(package.json): use `devDependencies` instead of `dependencies`,False,0,,,,
angular/angular.js,eb21eb5a06814e061983570e7e5b67322dc9e9ed,5a34464198f1ca108ddd085181a832d3aa181c31,2013-05-21T03:39:36-07:00,qq,chore(package.json): use `devDependencies` instead of `dependencies`,False,0,,,,
angular/angular.js,eb21eb5a06814e061983570e7e5b67322dc9e9ed,5a34464198f1ca108ddd085181a832d3aa181c31,2013-05-21T03:39:36-07:00,shelljs,chore(package.json): use `devDependencies` instead of `dependencies`,False,0,,,,
angular/angular.js,eb21eb5a06814e061983570e7e5b67322dc9e9ed,5a34464198f1ca108ddd085181a832d3aa181c31,2013-05-21T03:39:36-07:00,karma,chore(package.json): use `devDependencies` instead of `dependencies`,False,0,,,,
angular/angular.js,eb21eb5a06814e061983570e7e5b67322dc9e9ed,5a34464198f1ca108ddd085181a832d3aa181c31,2013-05-21T03:39:36-07:00,yaml-js,chore(package.json): use `devDependencies` instead of `dependencies`,False,0,,,,
angular/angular.js,eb21eb5a06814e061983570e7e5b67322dc9e9ed,5a34464198f1ca108ddd085181a832d3aa181c31,2013-05-21T03:39:36-07:00,showdown,chore(package.json): use `devDependencies` instead of `dependencies`,False,0,,,,
angular/angular.js,c2e215fab6ba73e195f8c32701cfb6e88e8e1ebd,61f2767ce65562257599649d9eaf9da08f321655,2013-04-01T12:24:27-07:00,testacular,chore: use Karma,False,0,,,,
jgraph/drawio-desktop,4a2a40ee7901ca7051aa1537a90c80c1e0497811,4aea107162b5ae12835fa94c195dcd15987c1097,,pdf-lib,,False,0,2797,2797,4.5786,4.5786
jgraph/drawio-desktop,db25420e19ddad641bddeac3e1a86ef55cd7e8a3,db0f6612cfeedd5fbad3c5739933b176dd82df17,2024-06-21T18:11:13+01:00,commander,24.6.1 RC 1,False,0,2775,2775,4.5827,4.5827
jgraph/drawio-desktop,db25420e19ddad641bddeac3e1a86ef55cd7e8a3,db0f6612cfeedd5fbad3c5739933b176dd82df17,2024-06-21T18:11:13+01:00,compression,24.6.1 RC 1,False,0,2775,2775,4.5827,4.5827
jgraph/drawio-desktop,db25420e19ddad641bddeac3e1a86ef55cd7e8a3,db0f6612cfeedd5fbad3c5739933b176dd82df17,2024-06-21T18:11:13+01:00,crc,24.6.1 RC 1,False,0,2775,2775,4.5827,4.5827
jgraph/drawio-desktop,db25420e19ddad641bddeac3e1a86ef55cd7e8a3,db0f6612cfeedd5fbad3c5739933b176dd82df17,2024-06-21T18:11:13+01:00,electron-context-menu,24.6.1 RC 1,False,0,2775,2775,4.5827,4.5827
jgraph/drawio-desktop,db25420e19ddad641bddeac3e1a86ef55cd7e8a3,db0f6612cfeedd5fbad3c5739933b176dd82df17,2024-06-21T18:11:13+01:00,electron-log,24.6.1 RC 1,False,0,2775,2775,4.5827,4.5827
jgraph/drawio-desktop,db25420e19ddad641bddeac3e1a86ef55cd7e8a3,db0f6612cfeedd5fbad3c5739933b176dd82df17,2024-06-21T18:11:13+01:00,electron-progressbar,24.6.1 RC 1,False,0,2775,2775,4.5827,4.5827
jgraph/drawio-desktop,db25420e19ddad641bddeac3e1a86ef55cd7e8a3,db0f6612cfeedd5fbad3c5739933b176dd82df17,2024-06-21T18:11:13+01:00,electron-store,24.6.1 RC 1,False,0,2775,2775,4.5827,4.5827
jgraph/drawio-desktop,db25420e19ddad641bddeac3e1a86ef55cd7e8a3,db0f6612cfeedd5fbad3c5739933b176dd82df17,2024-06-21T18:11:13+01:00,electron-updater,24.6.1 RC 1,False,0,2775,2775,4.5827,4.5827
jgraph/drawio-desktop,db25420e19ddad641bddeac3e1a86ef55cd7e8a3,db0f6612cfeedd5fbad3c5739933b176dd82df17,2024-06-21T18:11:13+01:00,pdf-lib,24.6.1 RC 1,False,0,2775,2775,4.5827,4.5827
jgraph/drawio-desktop,17be0472cfad8f594e3cf7d205464be472bdbcfa,8bdf1489ba92265fd6ec3ea99208373ccd4d2701,2024-06-11T16:07:44+01:00,commander,24.5.3 RC 1,False,0,2715,2715,4.6058,4.6058
jgraph/drawio-desktop,17be0472cfad8f594e3cf7d205464be472bdbcfa,8bdf1489ba92265fd6ec3ea99208373ccd4d2701,2024-06-11T16:07:44+01:00,compression,24.5.3 RC 1,False,0,2715,2715,4.6058,4.6058
jgraph/drawio-desktop,17be0472cfad8f594e3cf7d205464be472bdbcfa,8bdf1489ba92265fd6ec3ea99208373ccd4d2701,2024-06-11T16:07:44+01:00,crc,24.5.3 RC 1,False,0,2715,2715,4.6058,4.6058
jgraph/drawio-desktop,17be0472cfad8f594e3cf7d205464be472bdbcfa,8bdf1489ba92265fd6ec3ea99208373ccd4d2701,2024-06-11T16:07:44+01:00,electron-context-menu,24.5.3 RC 1,False,0,2715,2715,4.6058,4.6058
jgraph/drawio-desktop,17be0472cfad8f594e3cf7d205464be472bdbcfa,8bdf1489ba92265fd6ec3ea99208373ccd4d2701,2024-06-11T16:07:44+01:00,electron-log,24.5.3 RC 1,False,0,2715,2715,4.6058,4.6058
jgraph/drawio-desktop,17be0472cfad8f594e3cf7d205464be472bdbcfa,8bdf1489ba92265fd6ec3ea99208373ccd4d2701,2024-06-11T16:07:44+01:00,electron-progressbar,24.5.3 RC 1,False,0,2715,2715,4.6058,4.6058
jgraph/drawio-desktop,17be0472cfad8f594e3cf7d205464be472bdbcfa,8bdf1489ba92265fd6ec3ea99208373ccd4d2701,2024-06-11T16:07:44+01:00,electron-store,24.5.3 RC 1,False,0,2715,2715,4.6058,4.6058
jgraph/drawio-desktop,17be0472cfad8f594e3cf7d205464be472bdbcfa,8bdf1489ba92265fd6ec3ea99208373ccd4d2701,2024-06-11T16:07:44+01:00,electron-updater,24.5.3 RC 1,False,0,2715,2715,4.6058,4.6058
jgraph/drawio-desktop,17be0472cfad8f594e3cf7d205464be472bdbcfa,8bdf1489ba92265fd6ec3ea99208373ccd4d2701,2024-06-11T16:07:44+01:00,pdf-lib,24.5.3 RC 1,False,0,2715,2715,4.6058,4.6058
jgraph/drawio-desktop,b06fb6928af5d9c6d06f36153aef8badb0cdbb5a,81e7ad9c448fb163d83307049a50f2d1a6304b4e,2023-04-11T19:28:36-04:00,@electron/remote,Updated dependencies,False,0,43,43,1.25,1.25
jgraph/drawio-desktop,f5f15543f57146c8a767aa801d3bd9626ef77e8c,d1beeb70acff4dc766ba28b51a0e0b77990e905b,2019-07-09T10:06:44-04:00,yargs,Remove unused packages,False,0,44,44,1.3333,1.3333
jgraph/drawio-desktop,50fe1dfb99b14f868c2bdefc8b825b8bc30d9ff3,d06042682a7abc8529289efe25101ab14207bdbc,2017-12-15T17:17:00+00:00,electron-updater,Removed updater,False,0,26,26,1.0,1.0
azl397985856/leetcode,fe1fe91ed3173d4551c821694fd9a4532deeb90a,f124ffec600cb97cf4b8e807d2af3ca45f8d491d,2020-10-17T22:06:01+08:00,mathjax,feat: 电子书,False,0,,,,
marktext/marktext,2bb405a03ee52cfba2afe53da4656abb799a0727,cb57af4b2a06310fd1fb9682c16898de1510130c,2022-03-27T11:27:39+08:00,@hfelix/electron-spellchecker,Replace node-spellchecker with Electron builtin spell checker (#2895),False,0,,,,
marktext/marktext,6b3ead958e05b5affc081d3cd13942a092323da7,c959d185b2783cdc1c20a1099feb1ceeb6a0d234,2022-01-29T15:14:19+01:00,electron-is-accelerator,Fix issues with non-US keyboards and add key binding settings page (#2930),False,0,,,,
marktext/marktext,6b3ead958e05b5affc081d3cd13942a092323da7,c959d185b2783cdc1c20a1099feb1ceeb6a0d234,2022-01-29T15:14:19+01:00,keyboard-layout,Fix issues with non-US keyboards and add key binding settings page (#2930),False,0,,,,
marktext/marktext,8af9605e358bdbb52dfb3eb3da88f4ebc03366f8,c6d4368988d3617c0a1982330e81a766aa6bf958,2021-12-26T16:21:00+08:00,file-icons-js,feat: support solidity in codeblock and optimization of file icons (#2775),False,0,,,,
marktext/marktext,44e15a34b7db31e3bf6ba99fd32d9cb1801bad48,c53246df132b7652f11409b8c7d9cb4ae3cfbaef,2020-06-08T14:03:30+02:00,view-image,Update dependencies (#2199),False,0,,,,
marktext/marktext,067ec48547a973329c6429fe2f394cb4bd34316e,6b1bf4c5a7539bde738617de5f0d4cbb94c4aceb,2019-09-27T19:27:24+02:00,turndown-plugin-gfm,fix: #1271 HTML paste handler (#1388),False,0,,,,
marktext/marktext,79f912332e6be3a1471acdc70ff61fcb9e07d52f,72702427f1465579cac2f6cffbe793b09b844cd2,2019-06-20T22:54:04+08:00,combine-source-map,update deps (#1105),False,0,,,,
marktext/marktext,79f912332e6be3a1471acdc70ff61fcb9e07d52f,72702427f1465579cac2f6cffbe793b09b844cd2,2019-06-20T22:54:04+08:00,commander,update deps (#1105),False,0,,,,
marktext/marktext,79f912332e6be3a1471acdc70ff61fcb9e07d52f,72702427f1465579cac2f6cffbe793b09b844cd2,2019-06-20T22:54:04+08:00,convert-source-map,update deps (#1105),False,0,,,,
marktext/marktext,79f912332e6be3a1471acdc70ff61fcb9e07d52f,72702427f1465579cac2f6cffbe793b09b844cd2,2019-06-20T22:54:04+08:00,js-string-escape,update deps (#1105),False,0,,,,
marktext/marktext,79f912332e6be3a1471acdc70ff61fcb9e07d52f,72702427f1465579cac2f6cffbe793b09b844cd2,2019-06-20T22:54:04+08:00,minstache,update deps (#1105),False,0,,,,
marktext/marktext,79f912332e6be3a1471acdc70ff61fcb9e07d52f,72702427f1465579cac2f6cffbe793b09b844cd2,2019-06-20T22:54:04+08:00,xtend,update deps (#1105),False,0,,,,
marktext/marktext,e6e652713aebb721d7e788c118c04bb6ed82772f,164e9a1d877bf38e1610bf11dd4bbe226dfb55aa,2019-06-09T15:41:58+02:00,snapsvg,Find best window to open second-instance files and directories in (#1054),False,0,,,,
marktext/marktext,7dee1a41354e9ad5a03b53e9eda0a1812a75e1e7,de841c8fdbba9e62c76c493a499132e11e860fc5,2019-05-08T00:13:08+02:00,prismjs2,update prismjs (#1012),False,0,,,,
marktext/marktext,230c90c920709f762ceea8754a31bf9ba9b49d16,77ff23c2c8259600fa62560a67795cbf65ecfa37,2019-05-04T23:41:46+08:00,prismjs,container block preview and inline syntax error (#992),False,0,,,,
marktext/marktext,379290e93eea3d8ae4b5ba243186bdbc7c7b0c1f,372fe02f23331f0a2586988a833b8efea984671c,2019-04-27T17:22:49+02:00,prismjs2,update prismjs2 to prismjs@1.16.0 (#975),False,0,,,,
marktext/marktext,e1cfec6e3e489a0a78b9da3357e2bf6e792338c9,07d0bbb2499781ffef630335d5851b3fc459c736,2019-03-24T05:09:00+08:00,diacritics-map,opti: rewrite TOC and remove hard code theme (#778),False,0,,,,
marktext/marktext,2ce05829d71a150fb2254ae16f34a9d84c1a97d8,fa394be978c3d525b62af1d4d091ecc026b2cd2a,2018-12-17T10:29:37+08:00,markdown-toc,Fix tests and improve CI (#590),False,0,,,,
marktext/marktext,39e1ea808142caff39ffa56f5aff13ed28a02c66,4c9e6f643b6d4d3f7bcd0c1005b41a52bdae84f2,2018-10-23T21:21:58+08:00,highlight.js,Prism replace codemirror (#516),False,0,,,,
marktext/marktext,39e1ea808142caff39ffa56f5aff13ed28a02c66,4c9e6f643b6d4d3f7bcd0c1005b41a52bdae84f2,2018-10-23T21:21:58+08:00,snabbdom-virtualize,Prism replace codemirror (#516),False,0,,,,
marktext/marktext,0c770bb40354e151f1ef435258c48b5228c0187e,ecfcf32378312d67e31b878bd2a6396ac356b852,2018-10-18T11:07:59+08:00,cheerio,opti: remove unused dependence cheerio,False,0,,,,
marktext/marktext,ecfcf32378312d67e31b878bd2a6396ac356b852,b68b30af4ba2692f5368d364659ec0e2c47c0442,2018-10-17T23:10:53+08:00,parse5,opti: rewrite markdown to state and remove lib parse5,False,0,,,,
marktext/marktext,aeeb34fb937cc3eb5567bb98b376cf0e87da7d20,818dd254dc3f346111e62a77dba605f1e8a5242c,2018-09-26T00:47:11+08:00,command-exists,bug: check pandoc command exist before drag import,False,0,,,,
marktext/marktext,400bb9cdc318d10baa0e75e07efaae4f13011c03,8b24b1611bfe964065085a85254f458af8a71c62,2018-09-23T22:44:59+08:00,css-tree,update: update all the dependencies,False,0,,,,
marktext/marktext,400bb9cdc318d10baa0e75e07efaae4f13011c03,8b24b1611bfe964065085a85254f458af8a71c62,2018-09-23T22:44:59+08:00,mousetrap,update: update all the dependencies,False,0,,,,
marktext/marktext,16bb1de82e8a0e4ca4567e8922eb1f1fb7d7adee,1a7a3d5c0658624ff9f470f19cbe6ec9e6200793,2018-05-26T00:58:16+08:00,electron-window-state,Support multiple lines math input (#294),False,0,,,,
marktext/marktext,1a7a3d5c0658624ff9f470f19cbe6ec9e6200793,7a928ab7117f8cf553e5e2ee5a7b2a7805e2b247,2018-05-23T22:57:06+08:00,to,fix: #233 better HTML escape (#293),False,0,,,,
marktext/marktext,1a7a3d5c0658624ff9f470f19cbe6ec9e6200793,7a928ab7117f8cf553e5e2ee5a7b2a7805e2b247,2018-05-23T22:57:06+08:00,update,fix: #233 better HTML escape (#293),False,0,,,,
marktext/marktext,e16649997255c4b623bf5c0d18df29902a1f360a,5e6774f1e6b6f890ca03cb817da7a81b8a010eee,2018-04-08T18:17:15+08:00,js-beautify,"Update: dependence, Todo list, change log",False,0,,,,
marktext/marktext,12fa87fa99bc0f5da5e5d5e2bc23d5f71db3cb11,412e277e82f94fdc99060670791205f4fa6ff6cc,2018-03-31T15:22:11+08:00,npm,Update: update vue and snabbdom to the latest version,False,0,,,,
marktext/marktext,7e830a00b9505b0db8ce079dafa0a589e30a8cba,fc49adc49abbd3d54ee500af6acb8aecc746ea25,2018-01-20T01:28:07+08:00,markdown-it,feat: task list surport import and export markdown,False,0,,,,
marktext/marktext,7e830a00b9505b0db8ce079dafa0a589e30a8cba,fc49adc49abbd3d54ee500af6acb8aecc746ea25,2018-01-20T01:28:07+08:00,markdown-it-task-lists,feat: task list surport import and export markdown,False,0,,,,
marktext/marktext,7b4becdce9783f9902d9a812ef8519d12f12d73e,05089ffbb9b2a9530e466d57a0870af48552666f,2017-12-13T14:13:06+08:00,chokidar,opti: update TODO list,False,0,,,,
marktext/marktext,05089ffbb9b2a9530e466d57a0870af48552666f,970f149b7f164177a3e494cf3504409cd59ec19f,2017-12-12T18:44:13+08:00,snabbdom-to-html,opti: remove unused dep,False,0,,,,
marktext/marktext,9e8c192bf01a7fa489bca412650031f223253b28,292742d6fb3bb24dada769c03678ba8eb437a613,2017-12-11T17:22:22+08:00,html2json,feat: add menu,False,0,,,,
marktext/marktext,3a58e6a5be10cb46684f8ff87ec6ab05f0eddb34,661225e0a7d2b94175bd46035b5edcbabb3f55f2,2017-11-14T17:39:51+08:00,dom-iterator,add selection.js which used for control cursor and selection,False,0,,,,
mozilla/pdf.js,3dc0567a37e3883f53f316e5bca14ce4231670f2,b6f69d47b654d754f5a8126fe73df9d2ac5d1f00,2020-05-01T12:42:35+02:00,pdfjs-dist,Remove the `create-react-app` example (issue 11729),False,0,,,,
mozilla/pdf.js,3dc0567a37e3883f53f316e5bca14ce4231670f2,b6f69d47b654d754f5a8126fe73df9d2ac5d1f00,2020-05-01T12:42:35+02:00,react,Remove the `create-react-app` example (issue 11729),False,0,,,,
mozilla/pdf.js,3dc0567a37e3883f53f316e5bca14ce4231670f2,b6f69d47b654d754f5a8126fe73df9d2ac5d1f00,2020-05-01T12:42:35+02:00,react-dom,Remove the `create-react-app` example (issue 11729),False,0,,,,
mozilla/pdf.js,3dc0567a37e3883f53f316e5bca14ce4231670f2,b6f69d47b654d754f5a8126fe73df9d2ac5d1f00,2020-05-01T12:42:35+02:00,react-scripts,Remove the `create-react-app` example (issue 11729),False,0,,,,
mozilla/pdf.js,f28acb7b528a7224db828cf0afd757eb47355e2d,40ba9895927ea87555b5d8de58044955eb9051be,2014-05-13T02:31:54+02:00,jshint,Move jshint & yargs to devDependencies,False,0,75708,75708,3.2386,3.2386
mozilla/pdf.js,f28acb7b528a7224db828cf0afd757eb47355e2d,40ba9895927ea87555b5d8de58044955eb9051be,2014-05-13T02:31:54+02:00,yargs,Move jshint & yargs to devDependencies,False,0,75708,75708,3.2386,3.2386
Mintplex-Labs/anything-llm,f9ef5840cb881458aadbaf1599d5ba21dd38c543,cd900f9e4c2bf2e30795632edb7a02927eb4db1b,2025-04-29T11:39:56-07:00,@google/generative-ai,Remove `@google/generative-ai` from AnythingLLM (#3740),False,0,,,,
Mintplex-Labs/anything-llm,cd900f9e4c2bf2e30795632edb7a02927eb4db1b,edaddd41ff3168ce19e58e0d11b9bdd1708f66ce,2025-04-29T11:21:39-07:00,@azure/openai,"Replace @azure/openai with openai, and update openai to version 4.95.1 (#3691)",False,0,,,,
Mintplex-Labs/anything-llm,4545ce24cdc1f53073b7350981f7f433d14b25ef,aba910de70b44f7af1fe7051ec6f6c32ff36b3de,2025-02-14T17:38:13-08:00,canvas,Drop Node `canvas` for manual `sharp` conversion (#3221),False,0,,,,
Mintplex-Labs/anything-llm,75790e7e90f01d4b1e7284ceaebc366ffa9af76a,c56d3b15582840da2b579f788000183b83be79ba,2025-01-27T13:42:52-08:00,node-llama-cpp,Remove native LLM option (#3024),False,0,,,,
Mintplex-Labs/anything-llm,c56d3b15582840da2b579f788000183b83be79ba,55ffc08867c59159bdfbd73f25abd1ecb84df7ed,2025-01-27T13:35:58-08:00,markdown-it-katex,breakout latex plugin for delims (#3040),False,0,,,,
Mintplex-Labs/anything-llm,30645831a16d7cb308ac462dfb91aa5b70b5e01f,b2123b13b0038320e2aea40f9edc732df61fe25d,2024-09-26T12:50:35-07:00,minimatch,1959 filetype filters (#2378),False,0,,,,
Mintplex-Labs/anything-llm,86f4466afbfb72f321e5aac84738a7b90c5cf901,5f477e0dbd634d6862d4c45f544d43c5876e457f,2024-09-06T12:29:11-07:00,@metamask/jazzicon,remove Jazzicons & Add default pfps (#2233),False,0,,,,
Mintplex-Labs/anything-llm,04a0fc4ec97f7f2e94829068316b7f82422022f8,68391ce3e6092df6c9945a1a5d17280c26d2e900,2024-07-25T10:21:03-07:00,@googleapis/youtube,Remove unused deps (#1938),False,0,,,,
Mintplex-Labs/anything-llm,04a0fc4ec97f7f2e94829068316b7f82422022f8,68391ce3e6092df6c9945a1a5d17280c26d2e900,2024-07-25T10:21:03-07:00,extract-zip,Remove unused deps (#1938),False,0,,,,
Mintplex-Labs/anything-llm,04a0fc4ec97f7f2e94829068316b7f82422022f8,68391ce3e6092df6c9945a1a5d17280c26d2e900,2024-07-25T10:21:03-07:00,archiver,Remove unused deps (#1938),False,0,,,,
Mintplex-Labs/anything-llm,04a0fc4ec97f7f2e94829068316b7f82422022f8,68391ce3e6092df6c9945a1a5d17280c26d2e900,2024-07-25T10:21:03-07:00,node-html-markdown,Remove unused deps (#1938),False,0,,,,
Mintplex-Labs/anything-llm,04a0fc4ec97f7f2e94829068316b7f82422022f8,68391ce3e6092df6c9945a1a5d17280c26d2e900,2024-07-25T10:21:03-07:00,sqlite,Remove unused deps (#1938),False,0,,,,
Mintplex-Labs/anything-llm,04a0fc4ec97f7f2e94829068316b7f82422022f8,68391ce3e6092df6c9945a1a5d17280c26d2e900,2024-07-25T10:21:03-07:00,sqlite3,Remove unused deps (#1938),False,0,,,,
Mintplex-Labs/anything-llm,23de85a3bd8fd2ff5dcc5225359cac0be665c62b,01448db4910ffb755ea5ad257f9b7b41e95fed59,2024-07-23T17:27:39-07:00,odbc,Revert odbc support (#1936),False,0,,,,
Mintplex-Labs/anything-llm,b5a2437bb53a414780549cf67c58c82755d3657d,6f1d15165c0e3b7ad8ca16855bfcd4b9ad23a4cf,2024-07-19T17:40:22-07:00,express-ws,patch docker scount CVE in old express-ws pkg (#1907),False,0,,,,
Mintplex-Labs/anything-llm,79656718b235d170381f1047f1fa4a2859ded27d,881c4bc4de198723479163572a031a1327e92313,2024-07-11T12:26:11-07:00,pdfjs-dist,[FEAT] Create custom pdfloader (#1852),False,0,,,,
Mintplex-Labs/anything-llm,a87014822a510f57dcfc248f41b44b704be20046,3fa00ad7b69365f8db215c8b60469fedf09e53a6,2024-07-03T14:26:48-07:00,pdf-parse,[REFACTOR] Improve asPDF collector processor with pdfjs (#1791),False,0,,,,
Mintplex-Labs/anything-llm,cb6b3340f02c9a292d868e86c63b9e5cd9b2b2c6,fc375f40367972ce7a52dbe951174b61402613ca,2024-07-03T11:44:34-07:00,bree,Update bgworker to use `fork` instead of `worker_thread` (#1808),False,0,,,,
Mintplex-Labs/anything-llm,9bd65f156718ab4adba1a3266271359374bf6218,69cb71b1fc394bfabe066ecb187d249f73ceb778,2024-06-26T21:57:16-07:00,vectordb,[CHORE] Migration from `vectordb` to @lancedb/lancedb NodeJS SDK (#1766),False,0,,,,
Mintplex-Labs/anything-llm,547d4859ef40c0e1a1a4e73e841f694891aee9b1,94017e2b51fb77a9cf9ceed274d9ead832d14594,2024-04-30T12:33:42-07:00,openai-latest,Bump `openai` package to latest (#1234),False,0,,,,
Mintplex-Labs/anything-llm,91ea37d17a78693226e2463546dd435666e06658,9655880cf0154205f6a2876d93095652ae2698eb,2024-04-18T13:32:50-07:00,openai:latest,Patch model selection for openai (#1128),False,0,,,,
Mintplex-Labs/anything-llm,1f8ab0d245be1cd46266a8ec03d2e3ee48faedbe,004b1f8db5d15bbc93e793f08b66b9e068d82a7f,2024-04-05T16:33:01-07:00,youtube-transcript,Remove YoutubeLoader dependency (#1050),False,0,,,,
Mintplex-Labs/anything-llm,5e11173aab0e0418e5008d7901785a702ad535c0,83e1c06020b19ca6bb40159848b55ce00863868a,2024-02-07T13:36:20-08:00,@esbuild-plugins/node-globals-polyfill,Omit Phosphor-icons ssr icons from build (#691),False,0,,,,
Mintplex-Labs/anything-llm,5e11173aab0e0418e5008d7901785a702ad535c0,83e1c06020b19ca6bb40159848b55ce00863868a,2024-02-07T13:36:20-08:00,buffer,Omit Phosphor-icons ssr icons from build (#691),False,0,,,,
Mintplex-Labs/anything-llm,5e11173aab0e0418e5008d7901785a702ad535c0,83e1c06020b19ca6bb40159848b55ce00863868a,2024-02-07T13:36:20-08:00,react-loading-icons,Omit Phosphor-icons ssr icons from build (#691),False,0,,,,
Mintplex-Labs/anything-llm,08d33cfd8fc47c5052b6ea29597c964a9da641e2,56fa17caf27949818d34c367605371ceac803c74,2024-01-18T13:57:23-08:00,serve-index,Merge pull request from GHSA-xmj6-g32r-fc5q,False,0,30315,29783,2.3372,2.3375
Mintplex-Labs/anything-llm,1ec774ab2e227353347e827721e6bac2e5bc5277,458ffed0c77b9417b56134492b845d1176e5fa28,2023-11-09T08:55:20-08:00,react-feather,[Chore] replace all React-feather icons with phosphor icons fully (#349),False,0,20630,20447,2.182,2.1829
Mintplex-Labs/anything-llm,a126b5f5aa6374d98750935f0a942f3c33fa3d79,e4a5fe5971b45d2415ec74f457d8be1c3a06510f,2023-09-28T14:00:03-07:00,sqlstring-sqlite,Replace custom sqlite dbms with prisma (#239),False,0,17557,17464,2.0288,2.0756
Mintplex-Labs/anything-llm,914d4b1ff18dd12aa23948c668d1ac1277949140,8947e63042a134789529b6ab8828585e53f1ada7,2023-06-09T09:30:42-07:00,@react-oauth/google,Update package.jsons to reflect new project name (#11),False,0,4465,4465,1.9494,1.9494
Mintplex-Labs/anything-llm,914d4b1ff18dd12aa23948c668d1ac1277949140,8947e63042a134789529b6ab8828585e53f1ada7,2023-06-09T09:30:42-07:00,email-validator,Update package.jsons to reflect new project name (#11),False,0,4465,4465,1.9494,1.9494
Mintplex-Labs/anything-llm,914d4b1ff18dd12aa23948c668d1ac1277949140,8947e63042a134789529b6ab8828585e53f1ada7,2023-06-09T09:30:42-07:00,js-file-download,Update package.jsons to reflect new project name (#11),False,0,4465,4465,1.9494,1.9494
Mintplex-Labs/anything-llm,914d4b1ff18dd12aa23948c668d1ac1277949140,8947e63042a134789529b6ab8828585e53f1ada7,2023-06-09T09:30:42-07:00,moment-timezone,Update package.jsons to reflect new project name (#11),False,0,4465,4465,1.9494,1.9494
Mintplex-Labs/anything-llm,914d4b1ff18dd12aa23948c668d1ac1277949140,8947e63042a134789529b6ab8828585e53f1ada7,2023-06-09T09:30:42-07:00,react-confetti-explosion,Update package.jsons to reflect new project name (#11),False,0,4465,4465,1.9494,1.9494
Mintplex-Labs/anything-llm,914d4b1ff18dd12aa23948c668d1ac1277949140,8947e63042a134789529b6ab8828585e53f1ada7,2023-06-09T09:30:42-07:00,react-drag-drop-files,Update package.jsons to reflect new project name (#11),False,0,4465,4465,1.9494,1.9494
Mintplex-Labs/anything-llm,914d4b1ff18dd12aa23948c668d1ac1277949140,8947e63042a134789529b6ab8828585e53f1ada7,2023-06-09T09:30:42-07:00,react-type-animation,Update package.jsons to reflect new project name (#11),False,0,4465,4465,1.9494,1.9494
agalwood/Motrix,70e7c99ff96c694744f701f949e1a3bc9ec8d1d2,bc6651164799a6fbaffe062a350e1c839c6b7bdd,2023-04-04T23:39:57+08:00,@babel/runtime,refactor: move dependencies to devDependencies,False,0,,,,
agalwood/Motrix,70e7c99ff96c694744f701f949e1a3bc9ec8d1d2,bc6651164799a6fbaffe062a350e1c839c6b7bdd,2023-04-04T23:39:57+08:00,@motrix/nat-api,refactor: move dependencies to devDependencies,False,0,,,,
agalwood/Motrix,70e7c99ff96c694744f701f949e1a3bc9ec8d1d2,bc6651164799a6fbaffe062a350e1c839c6b7bdd,2023-04-04T23:39:57+08:00,@panter/vue-i18next,refactor: move dependencies to devDependencies,False,0,,,,
agalwood/Motrix,70e7c99ff96c694744f701f949e1a3bc9ec8d1d2,bc6651164799a6fbaffe062a350e1c839c6b7bdd,2023-04-04T23:39:57+08:00,axios,refactor: move dependencies to devDependencies,False,0,,,,
agalwood/Motrix,70e7c99ff96c694744f701f949e1a3bc9ec8d1d2,bc6651164799a6fbaffe062a350e1c839c6b7bdd,2023-04-04T23:39:57+08:00,bittorrent-peerid,refactor: move dependencies to devDependencies,False,0,,,,
agalwood/Motrix,70e7c99ff96c694744f701f949e1a3bc9ec8d1d2,bc6651164799a6fbaffe062a350e1c839c6b7bdd,2023-04-04T23:39:57+08:00,blob-util,refactor: move dependencies to devDependencies,False,0,,,,
agalwood/Motrix,70e7c99ff96c694744f701f949e1a3bc9ec8d1d2,bc6651164799a6fbaffe062a350e1c839c6b7bdd,2023-04-04T23:39:57+08:00,electron-is,refactor: move dependencies to devDependencies,False,0,,,,
agalwood/Motrix,70e7c99ff96c694744f701f949e1a3bc9ec8d1d2,bc6651164799a6fbaffe062a350e1c839c6b7bdd,2023-04-04T23:39:57+08:00,electron-log,refactor: move dependencies to devDependencies,False,0,,,,
agalwood/Motrix,70e7c99ff96c694744f701f949e1a3bc9ec8d1d2,bc6651164799a6fbaffe062a350e1c839c6b7bdd,2023-04-04T23:39:57+08:00,electron-store,refactor: move dependencies to devDependencies,False,0,,,,
agalwood/Motrix,70e7c99ff96c694744f701f949e1a3bc9ec8d1d2,bc6651164799a6fbaffe062a350e1c839c6b7bdd,2023-04-04T23:39:57+08:00,electron-updater,refactor: move dependencies to devDependencies,False,0,,,,
agalwood/Motrix,70e7c99ff96c694744f701f949e1a3bc9ec8d1d2,bc6651164799a6fbaffe062a350e1c839c6b7bdd,2023-04-04T23:39:57+08:00,element-ui,refactor: move dependencies to devDependencies,False,0,,,,
agalwood/Motrix,70e7c99ff96c694744f701f949e1a3bc9ec8d1d2,bc6651164799a6fbaffe062a350e1c839c6b7bdd,2023-04-04T23:39:57+08:00,i18next,refactor: move dependencies to devDependencies,False,0,,,,
agalwood/Motrix,70e7c99ff96c694744f701f949e1a3bc9ec8d1d2,bc6651164799a6fbaffe062a350e1c839c6b7bdd,2023-04-04T23:39:57+08:00,lodash,refactor: move dependencies to devDependencies,False,0,,,,
agalwood/Motrix,70e7c99ff96c694744f701f949e1a3bc9ec8d1d2,bc6651164799a6fbaffe062a350e1c839c6b7bdd,2023-04-04T23:39:57+08:00,normalize.css,refactor: move dependencies to devDependencies,False,0,,,,
agalwood/Motrix,70e7c99ff96c694744f701f949e1a3bc9ec8d1d2,bc6651164799a6fbaffe062a350e1c839c6b7bdd,2023-04-04T23:39:57+08:00,parse-torrent,refactor: move dependencies to devDependencies,False,0,,,,
agalwood/Motrix,70e7c99ff96c694744f701f949e1a3bc9ec8d1d2,bc6651164799a6fbaffe062a350e1c839c6b7bdd,2023-04-04T23:39:57+08:00,randomatic,refactor: move dependencies to devDependencies,False,0,,,,
agalwood/Motrix,70e7c99ff96c694744f701f949e1a3bc9ec8d1d2,bc6651164799a6fbaffe062a350e1c839c6b7bdd,2023-04-04T23:39:57+08:00,vue,refactor: move dependencies to devDependencies,False,0,,,,
agalwood/Motrix,70e7c99ff96c694744f701f949e1a3bc9ec8d1d2,bc6651164799a6fbaffe062a350e1c839c6b7bdd,2023-04-04T23:39:57+08:00,vue-electron,refactor: move dependencies to devDependencies,False,0,,,,
agalwood/Motrix,70e7c99ff96c694744f701f949e1a3bc9ec8d1d2,bc6651164799a6fbaffe062a350e1c839c6b7bdd,2023-04-04T23:39:57+08:00,vue-router,refactor: move dependencies to devDependencies,False,0,,,,
agalwood/Motrix,70e7c99ff96c694744f701f949e1a3bc9ec8d1d2,bc6651164799a6fbaffe062a350e1c839c6b7bdd,2023-04-04T23:39:57+08:00,vue-selectable,refactor: move dependencies to devDependencies,False,0,,,,
agalwood/Motrix,70e7c99ff96c694744f701f949e1a3bc9ec8d1d2,bc6651164799a6fbaffe062a350e1c839c6b7bdd,2023-04-04T23:39:57+08:00,vuex,refactor: move dependencies to devDependencies,False,0,,,,
agalwood/Motrix,70e7c99ff96c694744f701f949e1a3bc9ec8d1d2,bc6651164799a6fbaffe062a350e1c839c6b7bdd,2023-04-04T23:39:57+08:00,vuex-router-sync,refactor: move dependencies to devDependencies,False,0,,,,
agalwood/Motrix,bc6651164799a6fbaffe062a350e1c839c6b7bdd,002ef830dd83c8ecc5f0dbec24a82a8ee8c42cea,2023-04-04T23:34:57+08:00,electron-debug,refactor: remove electron-debug,False,0,,,,
agalwood/Motrix,a8846eaf9228d33d4bf7f2ed3d5f5258c69889b5,6039a8944163ed36470d6ecb281990296d673e63,2023-03-27T21:19:56+08:00,clipboard-polyfill,fix: update deps 20230324 (#1404),False,0,,,,
agalwood/Motrix,a8846eaf9228d33d4bf7f2ed3d5f5258c69889b5,6039a8944163ed36470d6ecb281990296d673e63,2023-03-27T21:19:56+08:00,svg-innerhtml,fix: update deps 20230324 (#1404),False,0,,,,
agalwood/Motrix,014619ed46ace52b84b2b0b0adaf72b6f7c91f2a,aec3a25e3a5ef6ecfb6f045eb409809ad8ecf36f,2021-03-13T18:29:02+08:00,forever-monitor,chore: update deps,False,0,,,,
agalwood/Motrix,0f5398b10699a08de9d683f1709c36f5b277da1c,c6eb96547ad0f4494a9136869a4e5f4a47ea5dd2,2020-12-26T09:03:38+08:00,aria2,fix: engine failed to quit,False,0,,,,
agalwood/Motrix,1866e3fd4f3e3923829d9c46141422d78af25e2e,cfac883cbf9603e2cc857320505acd71d53df187,2020-05-28T14:42:05+08:00,nat-api,fix: nat-api autoUpdate cb is not a function,False,0,,,,
agalwood/Motrix,7e626704acbd32e0dae1eb71ec58b0c6c0e4fae3,e0f9dce95241a404e66c86ba335d4e7830fdda49,2020-04-22T21:58:53+08:00,ora,feat: router upnp mapping,False,0,,,,
agalwood/Motrix,7e626704acbd32e0dae1eb71ec58b0c6c0e4fae3,e0f9dce95241a404e66c86ba335d4e7830fdda49,2020-04-22T21:58:53+08:00,vue-drag-selector,feat: router upnp mapping,False,0,,,,
algorithm-visualizer/algorithm-visualizer,44384cfe338cfd6803d60be5c9314e8042bde096,faae63b3be5628237bd145e50a91626999942739,2019-06-09T02:59:22+09:00,body-parser,Remove webpack and use create-react-app,False,0,3192,2990,1.8522,1.8559
algorithm-visualizer/algorithm-visualizer,44384cfe338cfd6803d60be5c9314e8042bde096,faae63b3be5628237bd145e50a91626999942739,2019-06-09T02:59:22+09:00,compression,Remove webpack and use create-react-app,False,0,3192,2990,1.8522,1.8559
algorithm-visualizer/algorithm-visualizer,44384cfe338cfd6803d60be5c9314e8042bde096,faae63b3be5628237bd145e50a91626999942739,2019-06-09T02:59:22+09:00,cookie-parser,Remove webpack and use create-react-app,False,0,3192,2990,1.8522,1.8559
algorithm-visualizer/algorithm-visualizer,44384cfe338cfd6803d60be5c9314e8042bde096,faae63b3be5628237bd145e50a91626999942739,2019-06-09T02:59:22+09:00,express,Remove webpack and use create-react-app,False,0,3192,2990,1.8522,1.8559
algorithm-visualizer/algorithm-visualizer,44384cfe338cfd6803d60be5c9314e8042bde096,faae63b3be5628237bd145e50a91626999942739,2019-06-09T02:59:22+09:00,express-github-webhook,Remove webpack and use create-react-app,False,0,3192,2990,1.8522,1.8559
algorithm-visualizer/algorithm-visualizer,44384cfe338cfd6803d60be5c9314e8042bde096,faae63b3be5628237bd145e50a91626999942739,2019-06-09T02:59:22+09:00,fs-extra,Remove webpack and use create-react-app,False,0,3192,2990,1.8522,1.8559
algorithm-visualizer/algorithm-visualizer,44384cfe338cfd6803d60be5c9314e8042bde096,faae63b3be5628237bd145e50a91626999942739,2019-06-09T02:59:22+09:00,morgan,Remove webpack and use create-react-app,False,0,3192,2990,1.8522,1.8559
algorithm-visualizer/algorithm-visualizer,0e96a299184c01fcd14ca2f69197be34e774f22e,2fd5a69a35264de865898314fa72119426ae3282,2018-12-14T04:39:10-05:00,connect-history-api-fallback,Pass algorithm data to client along with index.html,False,0,3632,3642,1.7129,1.6968
algorithm-visualizer/algorithm-visualizer,0e96a299184c01fcd14ca2f69197be34e774f22e,2fd5a69a35264de865898314fa72119426ae3282,2018-12-14T04:39:10-05:00,http-proxy-middleware,Pass algorithm data to client along with index.html,False,0,3632,3642,1.7129,1.6968
algorithm-visualizer/algorithm-visualizer,2fd5a69a35264de865898314fa72119426ae3282,c78bcc3a1f2ca1fd1f1746a084dd0f5639d0ae09,2018-12-11T20:43:17-05:00,compression,Render title and description tags on server side,False,0,3540,3632,1.6883,1.7129
algorithm-visualizer/algorithm-visualizer,2bf8a4a5834f67aaa3bd7580289676face2ce792,c165649345671fad5a817642bb74b36d0e0e65a1,2018-04-30T23:27:34-05:00,rsvp,Rewrote in React.js,False,0,,2721,,1.7842
algorithm-visualizer/algorithm-visualizer,2bf8a4a5834f67aaa3bd7580289676face2ce792,c165649345671fad5a817642bb74b36d0e0e65a1,2018-04-30T23:27:34-05:00,babel-core,Rewrote in React.js,False,0,,2721,,1.7842
algorithm-visualizer/algorithm-visualizer,2bf8a4a5834f67aaa3bd7580289676face2ce792,c165649345671fad5a817642bb74b36d0e0e65a1,2018-04-30T23:27:34-05:00,babel-preset-es2015,Rewrote in React.js,False,0,,2721,,1.7842
algorithm-visualizer/algorithm-visualizer,2bf8a4a5834f67aaa3bd7580289676face2ce792,c165649345671fad5a817642bb74b36d0e0e65a1,2018-04-30T23:27:34-05:00,babelify,Rewrote in React.js,False,0,,2721,,1.7842
algorithm-visualizer/algorithm-visualizer,2bf8a4a5834f67aaa3bd7580289676face2ce792,c165649345671fad5a817642bb74b36d0e0e65a1,2018-04-30T23:27:34-05:00,browserify,Rewrote in React.js,False,0,,2721,,1.7842
algorithm-visualizer/algorithm-visualizer,2bf8a4a5834f67aaa3bd7580289676face2ce792,c165649345671fad5a817642bb74b36d0e0e65a1,2018-04-30T23:27:34-05:00,gulp,Rewrote in React.js,False,0,,2721,,1.7842
algorithm-visualizer/algorithm-visualizer,2bf8a4a5834f67aaa3bd7580289676face2ce792,c165649345671fad5a817642bb74b36d0e0e65a1,2018-04-30T23:27:34-05:00,gulp-autoprefixer,Rewrote in React.js,False,0,,2721,,1.7842
algorithm-visualizer/algorithm-visualizer,2bf8a4a5834f67aaa3bd7580289676face2ce792,c165649345671fad5a817642bb74b36d0e0e65a1,2018-04-30T23:27:34-05:00,gulp-babel,Rewrote in React.js,False,0,,2721,,1.7842
algorithm-visualizer/algorithm-visualizer,2bf8a4a5834f67aaa3bd7580289676face2ce792,c165649345671fad5a817642bb74b36d0e0e65a1,2018-04-30T23:27:34-05:00,gulp-clean-css,Rewrote in React.js,False,0,,2721,,1.7842
algorithm-visualizer/algorithm-visualizer,2bf8a4a5834f67aaa3bd7580289676face2ce792,c165649345671fad5a817642bb74b36d0e0e65a1,2018-04-30T23:27:34-05:00,gulp-concat,Rewrote in React.js,False,0,,2721,,1.7842
algorithm-visualizer/algorithm-visualizer,2bf8a4a5834f67aaa3bd7580289676face2ce792,c165649345671fad5a817642bb74b36d0e0e65a1,2018-04-30T23:27:34-05:00,gulp-connect,Rewrote in React.js,False,0,,2721,,1.7842
algorithm-visualizer/algorithm-visualizer,2bf8a4a5834f67aaa3bd7580289676face2ce792,c165649345671fad5a817642bb74b36d0e0e65a1,2018-04-30T23:27:34-05:00,gulp-header,Rewrote in React.js,False,0,,2721,,1.7842
algorithm-visualizer/algorithm-visualizer,2bf8a4a5834f67aaa3bd7580289676face2ce792,c165649345671fad5a817642bb74b36d0e0e65a1,2018-04-30T23:27:34-05:00,gulp-sourcemaps,Rewrote in React.js,False,0,,2721,,1.7842
algorithm-visualizer/algorithm-visualizer,2bf8a4a5834f67aaa3bd7580289676face2ce792,c165649345671fad5a817642bb74b36d0e0e65a1,2018-04-30T23:27:34-05:00,gulp-uglify,Rewrote in React.js,False,0,,2721,,1.7842
algorithm-visualizer/algorithm-visualizer,2bf8a4a5834f67aaa3bd7580289676face2ce792,c165649345671fad5a817642bb74b36d0e0e65a1,2018-04-30T23:27:34-05:00,gulp-util,Rewrote in React.js,False,0,,2721,,1.7842
algorithm-visualizer/algorithm-visualizer,2bf8a4a5834f67aaa3bd7580289676face2ce792,c165649345671fad5a817642bb74b36d0e0e65a1,2018-04-30T23:27:34-05:00,vinyl-buffer,Rewrote in React.js,False,0,,2721,,1.7842
algorithm-visualizer/algorithm-visualizer,2bf8a4a5834f67aaa3bd7580289676face2ce792,c165649345671fad5a817642bb74b36d0e0e65a1,2018-04-30T23:27:34-05:00,vinyl-source-stream,Rewrote in React.js,False,0,,2721,,1.7842
algorithm-visualizer/algorithm-visualizer,2159390b066309f2bdcf8e8e53a552a1b001f6cd,1b6b2dc93cb57ab093d6caf614efe0c49ba985c7,2016-06-14T02:37:54+09:00,rsvp,heroku test,False,0,,,,
typescript-cheatsheets/react,5bd304341d0444021fab0f442b6b9932a3b8a508,b47c4c1daf58a4feb38667cebd816f1dfa1e2d37,2022-06-06T11:14:39+02:00,@octokit/rest,Rework gen-readme (#511),False,0,,,,
google/zx,2acb0f2c786bcfe4f0ed1ac0dfc4c818d96d6c30,906786a87768ce2aee933edcae66f878eb3e6637,2024-02-24T21:17:28+01:00,@types/fs-extra,build: generate js and dts bundles (#722),False,0,,,,
google/zx,2acb0f2c786bcfe4f0ed1ac0dfc4c818d96d6c30,906786a87768ce2aee933edcae66f878eb3e6637,2024-02-24T21:17:28+01:00,@types/minimist,build: generate js and dts bundles (#722),False,0,,,,
google/zx,2acb0f2c786bcfe4f0ed1ac0dfc4c818d96d6c30,906786a87768ce2aee933edcae66f878eb3e6637,2024-02-24T21:17:28+01:00,@types/node,build: generate js and dts bundles (#722),False,0,,,,
google/zx,2acb0f2c786bcfe4f0ed1ac0dfc4c818d96d6c30,906786a87768ce2aee933edcae66f878eb3e6637,2024-02-24T21:17:28+01:00,@types/ps-tree,build: generate js and dts bundles (#722),False,0,,,,
google/zx,2acb0f2c786bcfe4f0ed1ac0dfc4c818d96d6c30,906786a87768ce2aee933edcae66f878eb3e6637,2024-02-24T21:17:28+01:00,@types/which,build: generate js and dts bundles (#722),False,0,,,,
google/zx,2acb0f2c786bcfe4f0ed1ac0dfc4c818d96d6c30,906786a87768ce2aee933edcae66f878eb3e6637,2024-02-24T21:17:28+01:00,chalk,build: generate js and dts bundles (#722),False,0,,,,
google/zx,2acb0f2c786bcfe4f0ed1ac0dfc4c818d96d6c30,906786a87768ce2aee933edcae66f878eb3e6637,2024-02-24T21:17:28+01:00,fs-extra,build: generate js and dts bundles (#722),False,0,,,,
google/zx,2acb0f2c786bcfe4f0ed1ac0dfc4c818d96d6c30,906786a87768ce2aee933edcae66f878eb3e6637,2024-02-24T21:17:28+01:00,fx,build: generate js and dts bundles (#722),False,0,,,,
google/zx,2acb0f2c786bcfe4f0ed1ac0dfc4c818d96d6c30,906786a87768ce2aee933edcae66f878eb3e6637,2024-02-24T21:17:28+01:00,globby,build: generate js and dts bundles (#722),False,0,,,,
google/zx,2acb0f2c786bcfe4f0ed1ac0dfc4c818d96d6c30,906786a87768ce2aee933edcae66f878eb3e6637,2024-02-24T21:17:28+01:00,minimist,build: generate js and dts bundles (#722),False,0,,,,
google/zx,2acb0f2c786bcfe4f0ed1ac0dfc4c818d96d6c30,906786a87768ce2aee933edcae66f878eb3e6637,2024-02-24T21:17:28+01:00,node-fetch,build: generate js and dts bundles (#722),False,0,,,,
google/zx,2acb0f2c786bcfe4f0ed1ac0dfc4c818d96d6c30,906786a87768ce2aee933edcae66f878eb3e6637,2024-02-24T21:17:28+01:00,ps-tree,build: generate js and dts bundles (#722),False,0,,,,
google/zx,2acb0f2c786bcfe4f0ed1ac0dfc4c818d96d6c30,906786a87768ce2aee933edcae66f878eb3e6637,2024-02-24T21:17:28+01:00,webpod,build: generate js and dts bundles (#722),False,0,,,,
google/zx,2acb0f2c786bcfe4f0ed1ac0dfc4c818d96d6c30,906786a87768ce2aee933edcae66f878eb3e6637,2024-02-24T21:17:28+01:00,which,build: generate js and dts bundles (#722),False,0,,,,
google/zx,2acb0f2c786bcfe4f0ed1ac0dfc4c818d96d6c30,906786a87768ce2aee933edcae66f878eb3e6637,2024-02-24T21:17:28+01:00,yaml,build: generate js and dts bundles (#722),False,0,,,,
google/zx,23453bd7d89163c906790687ab068bbd938d86d1,90005eaf07f507ceff57bbb4ae365951e224f94f,2022-05-30T23:14:24+02:00,ava,test: replace ava with uvu,False,0,,,,
google/zx,5db11c61ca0b57427dc723618fc3ba9954250630,792370a45e392f1588591aea6072654e54ff2151,2022-02-16T17:59:53+01:00,@types/node-fetch,Remove @types/node-fetch. (#289),False,0,106,106,1.2,1.2
google/zx,567116605fedc79b7ca0e407e41c658fb3ef7716,7cd3299723df48453c20c514c8bcb72c8a063064,2021-07-04T00:02:24+03:00,shq,Use bash $'...' for quote,False,0,112,112,1.3333,1.3333
google/zx,9419535c71dcd94b0a742c86bbe35e3793eb2926,95d5b2152cc1c9d4788cf10e789f451c4bfdc54d,2021-05-19T01:18:58+02:00,uuid,Remove uuid dependency,False,0,61,61,1.5,1.5
Leaflet/Leaflet,d5d8b7f132c61947c3694a6dada011d969b653b9,bba4f2ae1bd8059e6e355ea3d19cfbd719c54683,2013-02-26T11:18:30-08:00,jshint,Use devDependencies,False,0,22788,22788,2.2792,2.2792
Leaflet/Leaflet,d5d8b7f132c61947c3694a6dada011d969b653b9,bba4f2ae1bd8059e6e355ea3d19cfbd719c54683,2013-02-26T11:18:30-08:00,testacular,Use devDependencies,False,0,22788,22788,2.2792,2.2792
Leaflet/Leaflet,d5d8b7f132c61947c3694a6dada011d969b653b9,bba4f2ae1bd8059e6e355ea3d19cfbd719c54683,2013-02-26T11:18:30-08:00,uglify-js,Use devDependencies,False,0,22788,22788,2.2792,2.2792
Leaflet/Leaflet,d5d8b7f132c61947c3694a6dada011d969b653b9,bba4f2ae1bd8059e6e355ea3d19cfbd719c54683,2013-02-26T11:18:30-08:00,jake,Use devDependencies,False,0,22788,22788,2.2792,2.2792
GitSquared/edex-ui,a7e49fc1a47dd9869dcc5062d5c34414190c3652,6ae97b73f52fd69cd6a91e1d34504705d5db56f6,2021-02-25T11:03:02+01:00,electron-rebuild,fix: remove unused electron-rebuild  dep,False,0,,,,
GitSquared/edex-ui,07afe04f730bb762dded53e60b2125e3c235539c,cfcf9c8a09f34f4bff22546e21b4421fc75b2882,2020-12-21T11:15:25+01:00,uglify-es,ci: fix code minifier script,False,0,,,,
GitSquared/edex-ui,087b9ebfb2f97d073444dbca2ded40585f3f2ce5,aef706c1f644955b2f2342a8243f45e4b8d3b38c,2020-11-26T10:15:28+01:00,snyk,👷 Feat: Replace Travis w/ GitHub Actions CI (#912),False,0,,,,
GitSquared/edex-ui,c3c51b0e32c944854ff825d80447e892ae4d23c7,80c5fbfd508c4779f5281a0bf8e752a1ed76bb0c,2020-01-22T21:56:07+01:00,geolite2,:alien: (mod_globe): Fix #664 Replace geolite2 with geolite2-redist,False,0,,,,
GitSquared/edex-ui,6c88699ed2af203aa8429c5a6ec2102f89062351,70d71f989245fd72a8cf860bf9975fe08c88f4b1,2019-10-03T22:39:35+02:00,@wcjiang/whereis,:wrench: Switch whereis for which - close #589,False,0,,,,
GitSquared/edex-ui,986cb0797b8663c71ee14140702901a133eb84b0,65d10c7fc22de57f90b4fbbd75e5834a2c2efed5,2019-04-28T14:17:53+02:00,clipboardy,:zap: Replace clipboardy with electron.clipboard,False,0,,,,
GitSquared/edex-ui,26d5287dfb2d4b58c7dcf1633aa1cbb888b92e5c,af03b8b2fa9985b2c3c1a26f6defd07b8934e397,2019-03-04T14:01:00+01:00,snyk,:lock: Better Snyk integration & tests in CI,False,0,,,,
GitSquared/edex-ui,7bc0f420cf841ab6e159c1e627e3f6ae77288253,246ae722ce039d7f55b1a997c911c01d6009d54e,2018-09-16T16:09:37+02:00,sudo-prompt,:twisted_rightwards_arrows: Replace mod_syslog with mod_toplist,False,0,,,,
GitSquared/edex-ui,37b6f42847fc8bcedb123e16842ee4d9c9a5a137,d4fd3f78ed2b6f9cab8d594ebb458c3712a7f5b3,2018-08-27T11:49:24+02:00,battery-level,:arrow_up: Deps upgrades,False,0,,,,
GitSquared/edex-ui,f4c117fd04fa569246c5fd63767c325c4173e052,8704ef4510e9711c2c6aabbe1178387b29301559,2017-09-29T18:28:50+02:00,electron,New version base,False,0,278,42,1.9394,1.0
GitSquared/edex-ui,f4c117fd04fa569246c5fd63767c325c4173e052,8704ef4510e9711c2c6aabbe1178387b29301559,2017-09-29T18:28:50+02:00,jquery,New version base,False,0,278,42,1.9394,1.0
GitSquared/edex-ui,8704ef4510e9711c2c6aabbe1178387b29301559,9c44c288f48564c640f9e5423b6412c7de90230b,2017-07-07T21:59:45+02:00,node-pty,Backup commit before i rewrite everything,False,0,286,278,2.1212,1.9394
GitSquared/edex-ui,8704ef4510e9711c2c6aabbe1178387b29301559,9c44c288f48564c640f9e5423b6412c7de90230b,2017-07-07T21:59:45+02:00,xterm,Backup commit before i rewrite everything,False,0,286,278,2.1212,1.9394
NaiboWang/EasySpider,5a8b9adaa38a0ea305857ff9fef917dc26158dfc,4e87c081c6392332212636900e54a09a3bcf9490,2023-03-24T02:39:52+08:00,@jitsi/robotjs,Input Function Update and solved path including spaces,False,0,,,,
NaiboWang/EasySpider,e450fa424b78a103c4d4e4d74e50a7ff9aeb79eb,5ece2e887df1c9d819a495c2181fc84432764cea,2023-03-23T16:38:59+08:00,ffi-napi,Windows x86,False,0,,,,
NaiboWang/EasySpider,e450fa424b78a103c4d4e4d74e50a7ff9aeb79eb,5ece2e887df1c9d819a495c2181fc84432764cea,2023-03-23T16:38:59+08:00,ref-napi,Windows x86,False,0,,,,
NaiboWang/EasySpider,e450fa424b78a103c4d4e4d74e50a7ff9aeb79eb,5ece2e887df1c9d819a495c2181fc84432764cea,2023-03-23T16:38:59+08:00,win32-api,Windows x86,False,0,,,,
NaiboWang/EasySpider,3f2127102515227585fc63bad0c53d23d3429f38,a57abc51bc780771dd6eb87eb6466bc3a3877c63,2023-03-17T23:00:21+08:00,@electron-forge/cli,支持中文,False,0,,,,
Unitech/pm2,4c309aa3a8b73e861699fb64ca6ca931a33000e8,12f189670e0e0e715b6c9af9710151e720f7af78,2025-09-22T09:19:42+02:00,blessed,use forked blessed #5577,False,0,,,,
Unitech/pm2,ffb3ec453bd57719965cb5418f515bbc09f0b3ee,341c6d46d7e739c8dabb04e509c310bb6244ee54,2025-05-08T23:43:18+02:00,chalk,refactor: replace chalk with smaller alternative,False,0,,,,
Unitech/pm2,68bf0aea6be77180fc58883abe0327ce94001c9f,3586b31d4ec57a3be3ff44b27233a69f225583bd,2025-03-11T10:06:00+01:00,@pm2/agent,pm2@6.0.5,False,0,,,,
Unitech/pm2,68bf0aea6be77180fc58883abe0327ce94001c9f,3586b31d4ec57a3be3ff44b27233a69f225583bd,2025-03-11T10:06:00+01:00,@pm2/js-api,pm2@6.0.5,False,0,,,,
Unitech/pm2,68bf0aea6be77180fc58883abe0327ce94001c9f,3586b31d4ec57a3be3ff44b27233a69f225583bd,2025-03-11T10:06:00+01:00,@pm2/io,pm2@6.0.5,False,0,,,,
Unitech/pm2,68bf0aea6be77180fc58883abe0327ce94001c9f,3586b31d4ec57a3be3ff44b27233a69f225583bd,2025-03-11T10:06:00+01:00,@pm2/pm2-version-check,pm2@6.0.5,False,0,,,,
Unitech/pm2,68bf0aea6be77180fc58883abe0327ce94001c9f,3586b31d4ec57a3be3ff44b27233a69f225583bd,2025-03-11T10:06:00+01:00,async,pm2@6.0.5,False,0,,,,
Unitech/pm2,68bf0aea6be77180fc58883abe0327ce94001c9f,3586b31d4ec57a3be3ff44b27233a69f225583bd,2025-03-11T10:06:00+01:00,blessed,pm2@6.0.5,False,0,,,,
Unitech/pm2,68bf0aea6be77180fc58883abe0327ce94001c9f,3586b31d4ec57a3be3ff44b27233a69f225583bd,2025-03-11T10:06:00+01:00,chalk,pm2@6.0.5,False,0,,,,
Unitech/pm2,68bf0aea6be77180fc58883abe0327ce94001c9f,3586b31d4ec57a3be3ff44b27233a69f225583bd,2025-03-11T10:06:00+01:00,chokidar,pm2@6.0.5,False,0,,,,
Unitech/pm2,68bf0aea6be77180fc58883abe0327ce94001c9f,3586b31d4ec57a3be3ff44b27233a69f225583bd,2025-03-11T10:06:00+01:00,cli-tableau,pm2@6.0.5,False,0,,,,
Unitech/pm2,68bf0aea6be77180fc58883abe0327ce94001c9f,3586b31d4ec57a3be3ff44b27233a69f225583bd,2025-03-11T10:06:00+01:00,commander,pm2@6.0.5,False,0,,,,
Unitech/pm2,68bf0aea6be77180fc58883abe0327ce94001c9f,3586b31d4ec57a3be3ff44b27233a69f225583bd,2025-03-11T10:06:00+01:00,croner,pm2@6.0.5,False,0,,,,
Unitech/pm2,68bf0aea6be77180fc58883abe0327ce94001c9f,3586b31d4ec57a3be3ff44b27233a69f225583bd,2025-03-11T10:06:00+01:00,dayjs,pm2@6.0.5,False,0,,,,
Unitech/pm2,68bf0aea6be77180fc58883abe0327ce94001c9f,3586b31d4ec57a3be3ff44b27233a69f225583bd,2025-03-11T10:06:00+01:00,debug,pm2@6.0.5,False,0,,,,
Unitech/pm2,68bf0aea6be77180fc58883abe0327ce94001c9f,3586b31d4ec57a3be3ff44b27233a69f225583bd,2025-03-11T10:06:00+01:00,enquirer,pm2@6.0.5,False,0,,,,
Unitech/pm2,68bf0aea6be77180fc58883abe0327ce94001c9f,3586b31d4ec57a3be3ff44b27233a69f225583bd,2025-03-11T10:06:00+01:00,eventemitter2,pm2@6.0.5,False,0,,,,
Unitech/pm2,68bf0aea6be77180fc58883abe0327ce94001c9f,3586b31d4ec57a3be3ff44b27233a69f225583bd,2025-03-11T10:06:00+01:00,fclone,pm2@6.0.5,False,0,,,,
Unitech/pm2,68bf0aea6be77180fc58883abe0327ce94001c9f,3586b31d4ec57a3be3ff44b27233a69f225583bd,2025-03-11T10:06:00+01:00,mkdirp,pm2@6.0.5,False,0,,,,
Unitech/pm2,68bf0aea6be77180fc58883abe0327ce94001c9f,3586b31d4ec57a3be3ff44b27233a69f225583bd,2025-03-11T10:06:00+01:00,needle,pm2@6.0.5,False,0,,,,
Unitech/pm2,68bf0aea6be77180fc58883abe0327ce94001c9f,3586b31d4ec57a3be3ff44b27233a69f225583bd,2025-03-11T10:06:00+01:00,pidusage,pm2@6.0.5,False,0,,,,
Unitech/pm2,68bf0aea6be77180fc58883abe0327ce94001c9f,3586b31d4ec57a3be3ff44b27233a69f225583bd,2025-03-11T10:06:00+01:00,pm2-axon,pm2@6.0.5,False,0,,,,
Unitech/pm2,68bf0aea6be77180fc58883abe0327ce94001c9f,3586b31d4ec57a3be3ff44b27233a69f225583bd,2025-03-11T10:06:00+01:00,pm2-axon-rpc,pm2@6.0.5,False,0,,,,
Unitech/pm2,68bf0aea6be77180fc58883abe0327ce94001c9f,3586b31d4ec57a3be3ff44b27233a69f225583bd,2025-03-11T10:06:00+01:00,pm2-deploy,pm2@6.0.5,False,0,,,,
Unitech/pm2,68bf0aea6be77180fc58883abe0327ce94001c9f,3586b31d4ec57a3be3ff44b27233a69f225583bd,2025-03-11T10:06:00+01:00,pm2-multimeter,pm2@6.0.5,False,0,,,,
Unitech/pm2,68bf0aea6be77180fc58883abe0327ce94001c9f,3586b31d4ec57a3be3ff44b27233a69f225583bd,2025-03-11T10:06:00+01:00,promptly,pm2@6.0.5,False,0,,,,
Unitech/pm2,68bf0aea6be77180fc58883abe0327ce94001c9f,3586b31d4ec57a3be3ff44b27233a69f225583bd,2025-03-11T10:06:00+01:00,semver,pm2@6.0.5,False,0,,,,
Unitech/pm2,68bf0aea6be77180fc58883abe0327ce94001c9f,3586b31d4ec57a3be3ff44b27233a69f225583bd,2025-03-11T10:06:00+01:00,source-map-support,pm2@6.0.5,False,0,,,,
Unitech/pm2,68bf0aea6be77180fc58883abe0327ce94001c9f,3586b31d4ec57a3be3ff44b27233a69f225583bd,2025-03-11T10:06:00+01:00,sprintf-js,pm2@6.0.5,False,0,,,,
Unitech/pm2,68bf0aea6be77180fc58883abe0327ce94001c9f,3586b31d4ec57a3be3ff44b27233a69f225583bd,2025-03-11T10:06:00+01:00,vizion,pm2@6.0.5,False,0,,,,
Unitech/pm2,68bf0aea6be77180fc58883abe0327ce94001c9f,3586b31d4ec57a3be3ff44b27233a69f225583bd,2025-03-11T10:06:00+01:00,js-yaml,pm2@6.0.5,False,0,,,,
Unitech/pm2,8d9ecd2e73eae95d901b210cb6f2b02b335c6c01,e2523e50dad5b2c80e1030d7d571c576258a3cba,2024-05-23T12:08:03+02:00,yamljs,update: packages,False,0,,,,
Unitech/pm2,5e708459aca32903fd363230e24c37b3e38bb48d,d78f5ec8361f943407ce09b06424f8dec5bbcd38,2022-10-13T09:47:19+02:00,coffee-script,pm2@5.2.2,False,0,,,,
Unitech/pm2,a94f012e461ae5e9b7c562f90a196cb9446933ff,af3a1f77cbf11a6947b47994e482ccd9e0947516,2022-02-15T19:35:13+01:00,cron-parser,drop cron-parser for sanity check and use Croner constructor,False,0,,,,
Unitech/pm2,af3a1f77cbf11a6947b47994e482ccd9e0947516,cbf5c0a4ca6228009fd433463de6b3f13641a9b1,2022-02-09T10:19:31+01:00,node-schedule,use croner instead of node-schedule,False,0,,,,
Unitech/pm2,62afc6c6b9beac1c8da8733888c6a52331ff3095,318676a3b00af26f5749c55e5c0dbd5edcc7dd6a,2021-09-24T22:57:02+02:00,cron,Replaced cron with node-schedule,False,0,,,,
Unitech/pm2,93dc0173a319c7f37500af5c629bb4b367362c54,494caa60be693e84dc62dd90fb91feb84207d8dc,2021-08-19T22:54:02+02:00,fast-printf,drop fast-printf and replace with sprintfjs #5151,False,0,,,,
Unitech/pm2,1def3d8fb96823ab157b62d3b677f528a2223f48,65df2e407523db192287d2b140ef8e073ee9d1e4,2021-06-07T14:19:28+02:00,pm2-sysmonit,prep pm2@5.0.0,False,0,,,,
Unitech/pm2,1def3d8fb96823ab157b62d3b677f528a2223f48,65df2e407523db192287d2b140ef8e073ee9d1e4,2021-06-07T14:19:28+02:00,ps-list,prep pm2@5.0.0,False,0,,,,
Unitech/pm2,afacd98e7ee9e3b65b0fc0b98e96b9b8a1ffd224,5e18920dff821ea9ebf4dc7ae6efcd83a53c560a,2021-02-01T18:55:06-08:00,sprintf-js,refactor: replace sprintf-js with fast-printf,False,0,,,,
Unitech/pm2,5e18920dff821ea9ebf4dc7ae6efcd83a53c560a,b743ce064f0c0e553e2092e11b44eee4c78d9632,2021-01-31T15:41:15+01:00,systeminformation,pm2@4.5.4,False,0,,,,
Unitech/pm2,593b43ca6671106e5bcd749477f486092477291a,42a10f4abbda88eab68695ec363f7b43ae1af632,2020-04-23T17:33:35+02:00,shelljs,various fixes for N14,False,0,,,,
Unitech/pm2,9d763edd9c76b06cea29a931db8958dbc8ed52c8,3980bffc748fcfe581c7459e49dc81d415fbd579,2020-04-19T11:57:49+02:00,cli-table-redemption,cli-table-redemption -> cli-tableau,False,0,,,,
Unitech/pm2,7a5da591f55fc419a8813cf412d3a56ef2733b1b,195eb6e75f15d5dee67d7c52f31c34a666f40a82,2020-04-13T12:21:41+02:00,date-fns,drop date-fns,False,0,,,,
Unitech/pm2,195eb6e75f15d5dee67d7c52f31c34a666f40a82,526756d9f087f31c0f62285b6c799fd031969998,2020-04-13T11:01:34+02:00,lodash,drop lodash lib,False,0,,,,
Unitech/pm2,ac2ca921fef5b5cb61bf5ed7d7a9387798cde72b,1cf0a33a397d41e0bbf7e5a8898a93639c370e41,2019-12-02T15:17:42+01:00,moment,replace moment with dayjs,False,0,,,,
Unitech/pm2,fde4129b9661c64a888d0f40b2a12dda1dc50b38,e71f4708166dc1482033a16ce2fb516e86fd6d16,2019-10-15T15:35:16+02:00,systeminformation,fix: make systeminformation as optional module #4457,False,0,,,,
Unitech/pm2,581dd2f434880cbdd1643141a25aef844d1a2177,94815990e6449290b6d495a13c7aae10149a89fd,2019-05-07T11:05:20-07:00,v8-compile-cache,chore: force node>8 + upgrade chokidar to 3.0 + remove v8-compile-cache not needed anymore + force slice if env var too long in pm2 show,False,0,,,,
Unitech/pm2,b8e35009294b9cee7772062d7320e49686a5813d,f54bff10c67ea3493fedb71938316fdf6cda3f8f,2019-04-05T15:33:18+02:00,nssocket,chore: remove unused package + remove node 4 testing on travis,False,0,,,,
Unitech/pm2,76ceb2fd52a2e5acbf03deacc3fa8a120a197023,8692a1daf7b4b7dfb8a4d6ec3363ac0cc62203a8,2018-07-10T11:50:11+02:00,coffee-script,fix: drop coffee-script (installed via pm2 install coffeescript),False,0,,,,
Unitech/pm2,4576b4c97bc685c9d774018d6b29c918abd7cb8d,53ca18c12868ab177b60a4edff2ccaa8127e301f,2018-05-17T19:47:49+02:00,fs-extra,refactor: replace fs-extra with node calls,False,0,,,,
Unitech/pm2,53ca18c12868ab177b60a4edff2ccaa8127e301f,294038d76272a915e3addc67d3694717a9f7d704,2018-05-17T15:42:43+02:00,keymetrics-agent,chore: upgrade all modules + keymetrics-agent -> pm2/agent + increase version enabling v8-compile-cache,False,0,,,,
Unitech/pm2,ae098962df35eee7f482dc0a514fd29a02a5f4ad,e8cd7131a6b9c9d497a2079bcbfc03770a753a06,2018-05-17T14:45:21+02:00,pm2.io,chore: pm2.io -> @pm2/io,False,0,,,,
Unitech/pm2,36834c2c00d496e04c38abaca30202eb650015c4,157b106df78af1d28d37bbea069b926de4dceca5,2018-05-11T01:33:53+02:00,ms,chore: delete old stagnating pmx inside test,False,0,,,,
Unitech/pm2,36834c2c00d496e04c38abaca30202eb650015c4,157b106df78af1d28d37bbea069b926de4dceca5,2018-05-11T01:33:53+02:00,json-stringify-safe,chore: delete old stagnating pmx inside test,False,0,,,,
Unitech/pm2,adcbebc3f6419cd97c5ea99f3c3a6789585bda66,eeeb2988f8886e405aea107db3b888fc1fc929f8,2018-05-11T00:50:49+02:00,@keymetrics/pmx,chore: pmx -> pm2.io,False,0,,,,
Unitech/pm2,830fc15fad1aee95e65b2681482b03369f1f97d7,dfb1f7ced88161f567988da0a5e5530d3d7171c7,2018-03-27T11:10:03+02:00,coffee-script,chore: remove unused dependency,False,0,,,,
Unitech/pm2,13d6565c72e3596d05f87bfc8be15d3ee45fb279,84796956347ca638750fe89cb5545e2a90a0f2c2,2018-02-26T15:54:14+01:00,coffee-script,chore: remove coffee and livescript dependencies,False,0,,,,
Unitech/pm2,13d6565c72e3596d05f87bfc8be15d3ee45fb279,84796956347ca638750fe89cb5545e2a90a0f2c2,2018-02-26T15:54:14+01:00,livescript,chore: remove coffee and livescript dependencies,False,0,,,,
Unitech/pm2,29df82780391b8f9766545f79c839e79df510e73,4136626b71d4565ffeca2cf079ded764a995b150,2018-01-25T02:49:53+01:00,v8-profiler-node8,remove v8-profiler-node8 [skip-ci],False,0,,,,
Unitech/pm2,6d979bcdb53931362fbe637b5795e12c942e82b7,6d8931a3981873ee8fac819debd0072da785b7a6,2017-06-28T21:06:47+02:00,cli-table,Bump cli-table fix #2972,False,0,,,,
Unitech/pm2,ad733d638d6722ea6231c2cc35634d9dd3a62987,0a8937af253f5d455fcb8ea53df120c54b0cc3bf,2017-02-02T17:16:50+01:00,pm2-multimeter,(dashboard) drop pm2 monit and replace by dashboard by default,False,0,,,,
Unitech/pm2,34b1f094c5a0119003b720c7d95b6ff93c5254f7,fa5955262f0ead3f7db0d3cf71312537754391f9,2016-10-30T15:05:28+01:00,cli-table2,(cli) switch batch to cli-table for faster bin load,False,0,,,,
Unitech/pm2,117eec1062e7d38eca77b934b6265e0b37082729,3e15fd8cc8787fbe0a2a98706324df6a97a68d8e,2016-07-24T11:33:12-07:00,coffee-script,now transpilators are optionnal and installable via pm2 install,False,0,,,,
Unitech/pm2,a2419129393af7b60a8632f1a7588e334f66a8b2,3f524bd2b019334552ba1173d1d8f7e0a19aa469,2016-07-05T16:31:46+02:00,cache-require-paths,remove cache-require-paths + upgrade pidusage,False,0,,,,
Unitech/pm2,1bf6de40dca18404d470cf4994929f9560ee457f,676df915aca20a3f42c308e44922f15bae25ddc1,2016-07-04T19:09:27+02:00,v8-profiler,remove v8-profiler dependency,False,0,,,,
Unitech/pm2,2817e7176c9d8582eee78b29cb5b6d57695929bb,1145371e08c8e49780e0ae55847a2f0d1e2212a9,2016-07-01T16:14:55+02:00,v8-profiler,drop v8-profiler,False,0,,,,
Unitech/pm2,5153fd85705507b34ea8ffc3885a944f584d4f78,8602b7ea6960015eb760da0c51dd2e71d1888fb7,2016-06-28T12:19:58+02:00,coffee-script,coffee-script is also in devDependencies,False,0,,,,
Unitech/pm2,730fdfabf00b052f25aca56bd77c0660be27ecf0,cc131075674049b007d8613cc1173ed5b27e5917,2016-06-20T22:30:39+02:00,v8-profiler,add new command snapshot,False,0,,,,
Unitech/pm2,c4da9d3ff245446c17351dc8a156f5a64c984a64,1b076e5d7d330fcf8ae01dde027b47d156350a45,2016-05-03T17:18:43+02:00,cli-table,Add Makefile / change cli-table to cli-table2,False,0,,,,
Unitech/pm2,6722f7ee03dff9489000d68616987e5d7638f15c,5dc50b14d6397c0c227ab49b3f9d60134acb3092,2015-12-07T12:20:10+01:00,safe-clone-deep,merge safe-clone-deep,False,0,,,,
Unitech/pm2,5dc50b14d6397c0c227ab49b3f9d60134acb3092,b3caff9a94d579e65ae102f3444b5a64e70c7203,2015-12-07T12:17:42+01:00,isbinaryfile,merge isbinaryfile,False,0,,,,
Unitech/pm2,33d7318643c3b287a6ea315ce277da2e3dba5fce,632ae30988f5dbbe6da5f37d61f9b22e6d208ab7,2015-10-20T06:00:46+02:00,blessed,Removed blessed from dependencies in package.json,False,0,,,,
Unitech/pm2,784d90199f392c863ade45bf1efbe8a21f8136b4,0bdb8d13d0a7cc2890a1b8d4445ab986aff59588,2015-09-23T16:03:46+02:00,colors,remove colors dependency - use chalk in pm2 monit,False,0,,,,
Unitech/pm2,66536fd4230329262ecd40ffbb9233b073992df3,baf7a29b33880578db5cd630bb737dba44249aeb,2015-09-23T15:36:54+02:00,babel,#1639,False,0,,,,
Unitech/pm2,f916f41ec66cd7ee99e9cf1ed000a4d979543bfa,1d6707995e02c00601e343ca444caf20fab51115,2015-08-10T16:19:41+02:00,is-iojs,remove io-js dependency - add execution of executable in PATH,False,0,,,,
Unitech/pm2,4848e5c97447100d2f2aa00db7da0a6a469c02c6,56ccdd28097a06b5c8356fec78c5c7a2b0ff3916,2015-06-09T17:30:16+02:00,json-stringify-safe,avoid safe stringification and JSON.parsing to deep copy and remove circular dependencies + centralize object cloning + reduce data in pm2 pipeline + avoid complex object attached to pm2_env #1326 #1314,False,0,,,,
Unitech/pm2,11cc5b295c23c6b30f5998d728d0207f5268a314,0934d520a7c71486306498ae1f9da65f90feb2c1,2015-03-05T00:27:22-05:00,observe-js,add pm2 publish mechanism with automatic version increment - fix function bug - remove observejs,False,0,,,,
Unitech/pm2,c2c94e63399504e72dc9b81a6b5ab4f2ea578214,2820e5957ea1e04e8f863d9a5853e19f57170730,2015-03-01T21:48:07-05:00,pm2-rpc-fallback,remove pm2-rpc-fallback dependency + remove fallback scripts,False,0,,,,
Unitech/pm2,3ed9411634d5888f7afd73ea16a7c10c98bea377,761d0e6b6f845a938eaf8cb1c0f24a875819a6e0,2015-02-02T22:03:31-05:00,axm,replace axm module by pmx,False,0,,,,
Unitech/pm2,10d921e424b419745187628024eb5d103c3560ad,b76e2aef4d9a3902715d5ccfa4741c88d7d78e62,2015-02-02T19:39:15-05:00,punt,remove punt - 80 port interactionr eady for cl3 and cl4,False,0,,,,
Unitech/pm2,107c346d721e02f492fba5ed0d66d733e3916535,babe8f23e0e05785506b4678bcdf9412d5aab9a0,2014-10-28T17:15:43+01:00,vizionar,replaced old vizionar by new vizion,False,0,,,,
Unitech/pm2,a7ba4f70942d95b113a55f355e93ec91201f14fc,cc77eeeb86ec9f8e96df7d2b16033255ad12ce18,2014-10-15T12:13:50+02:00,pm2-interface,make PM2 compatible with Windows,False,0,,,,
Unitech/pm2,cc77eeeb86ec9f8e96df7d2b16033255ad12ce18,31f42430f2100ec4ba42e2a8cb85d62098254cc9,2014-10-15T12:05:06+02:00,uid-number,remove run-as-user options,False,0,,,,
Unitech/pm2,b9ec440c1f2784e10828642578d04189228cfb4b,60284e3605f2fdc3ec46cc26caefc840f365f3e8,2014-08-30T15:40:07+02:00,axon,upgrade packages,False,0,,,,
Unitech/pm2,2271bb808bc70f56b4ff9a90dba766b5516eefce,840d760fd7ee6df3ec600ce6efe13f54a63125f2,2014-08-13T01:22:47+02:00,pm2-axon-rpc,test new protocol,False,0,,,,
Unitech/pm2,2271bb808bc70f56b4ff9a90dba766b5516eefce,840d760fd7ee6df3ec600ce6efe13f54a63125f2,2014-08-13T01:22:47+02:00,pm2-interface,test new protocol,False,0,,,,
Unitech/pm2,9f1ac3ea10971c44818227bb06435e707be1b00b,0d92abb61fc0cb256b8437aaef5e2fc888ea64f4,2014-05-14T16:49:14+02:00,axon-rpc,fork mode enhanced - reload logs ok for fork - avoid circulars,False,0,,,,
Unitech/pm2,1bedf104976702afd9e2aadc7d0a9c0bc3d1a847,943b87fd39e049f6681597d829230f66112e527f,2014-05-10T16:12:36+02:00,pm2-usage,switch pm2-usage to pidusage,False,0,,,,
Unitech/pm2,a6ccbc93d51bb758e1bd8a565291db00c4d7891e,d4ea5df5860e63a49a363958b20c8b47c3fde02e,2014-05-09T14:38:19+02:00,usage,new pm2-usage module w/o native bindings,False,0,,,,
Unitech/pm2,afd373fb3c1ad3708ddb373a468259bee7340866,28768f3b42eb0253428c736afabc223c1fd9e54f,2014-04-12T15:50:14+02:00,watch,"Removed watch dependecie, added chokidar",False,0,,,,
Unitech/pm2,7f3c2d393ce43383407a895c61c88cd0e8e3dea8,551764dd5c09d731aeaa155b9b930b9bf6e83ef3,2014-02-05T09:45:44+01:00,pm2-cli-table,pm2-cli-table -> cli-table,False,0,,,,
Unitech/pm2,05845921152f1fdc5b755b6c79d7f81ec0854624,d69745b120c4bd348d97bdce40c61bc726c89134,2014-02-02T14:33:16+01:00,cli-table,pm2-cli-table,False,0,,,,
Unitech/pm2,ca956041b4fbf3c9005d29f126c4482df4bbd73f,0c1b9144bea6c13870f8228ff8f8b633dd6b4474,2013-07-16T11:09:04+02:00,multimeter,#46 pm2-multimeter,False,0,,,,
Unitech/pm2,a1e2618564d1a7a8ed497627b311a350dddb8dd6,133cf24dee3b3f4a19df38fb996f01da8c331c1e,2013-05-23T15:25:50+08:00,carcass,0.9.99,False,0,4878,1026,1.6705,1.4524
Unitech/pm2,a1e2618564d1a7a8ed497627b311a350dddb8dd6,133cf24dee3b3f4a19df38fb996f01da8c331c1e,2013-05-23T15:25:50+08:00,cliff,0.9.99,False,0,4878,1026,1.6705,1.4524
Unitech/pm2,a1e2618564d1a7a8ed497627b311a350dddb8dd6,133cf24dee3b3f4a19df38fb996f01da8c331c1e,2013-05-23T15:25:50+08:00,colors,0.9.99,False,0,4878,1026,1.6705,1.4524
Unitech/pm2,a1e2618564d1a7a8ed497627b311a350dddb8dd6,133cf24dee3b3f4a19df38fb996f01da8c331c1e,2013-05-23T15:25:50+08:00,each,0.9.99,False,0,4878,1026,1.6705,1.4524
Unitech/pm2,a1e2618564d1a7a8ed497627b311a350dddb8dd6,133cf24dee3b3f4a19df38fb996f01da8c331c1e,2013-05-23T15:25:50+08:00,flatiron,0.9.99,False,0,4878,1026,1.6705,1.4524
Unitech/pm2,a1e2618564d1a7a8ed497627b311a350dddb8dd6,133cf24dee3b3f4a19df38fb996f01da8c331c1e,2013-05-23T15:25:50+08:00,forever-monitor,0.9.99,False,0,4878,1026,1.6705,1.4524
Unitech/pm2,a1e2618564d1a7a8ed497627b311a350dddb8dd6,133cf24dee3b3f4a19df38fb996f01da8c331c1e,2013-05-23T15:25:50+08:00,nconf,0.9.99,False,0,4878,1026,1.6705,1.4524
Unitech/pm2,a1e2618564d1a7a8ed497627b311a350dddb8dd6,133cf24dee3b3f4a19df38fb996f01da8c331c1e,2013-05-23T15:25:50+08:00,nssocket,0.9.99,False,0,4878,1026,1.6705,1.4524
Unitech/pm2,a1e2618564d1a7a8ed497627b311a350dddb8dd6,133cf24dee3b3f4a19df38fb996f01da8c331c1e,2013-05-23T15:25:50+08:00,optimist,0.9.99,False,0,4878,1026,1.6705,1.4524
Unitech/pm2,a1e2618564d1a7a8ed497627b311a350dddb8dd6,133cf24dee3b3f4a19df38fb996f01da8c331c1e,2013-05-23T15:25:50+08:00,pkginfo,0.9.99,False,0,4878,1026,1.6705,1.4524
Unitech/pm2,a1e2618564d1a7a8ed497627b311a350dddb8dd6,133cf24dee3b3f4a19df38fb996f01da8c331c1e,2013-05-23T15:25:50+08:00,timespan,0.9.99,False,0,4878,1026,1.6705,1.4524
Unitech/pm2,a1e2618564d1a7a8ed497627b311a350dddb8dd6,133cf24dee3b3f4a19df38fb996f01da8c331c1e,2013-05-23T15:25:50+08:00,underscore,0.9.99,False,0,4878,1026,1.6705,1.4524
Unitech/pm2,a1e2618564d1a7a8ed497627b311a350dddb8dd6,133cf24dee3b3f4a19df38fb996f01da8c331c1e,2013-05-23T15:25:50+08:00,utile,0.9.99,False,0,4878,1026,1.6705,1.4524
Unitech/pm2,a1e2618564d1a7a8ed497627b311a350dddb8dd6,133cf24dee3b3f4a19df38fb996f01da8c331c1e,2013-05-23T15:25:50+08:00,winston,0.9.99,False,0,4878,1026,1.6705,1.4524
nolimits4web/swiper,ee79aefb8af0df8470b4789dd395905223d1fdc3,2c87f13f56a480ddbbfd43f97516a0775ceb8d19,2023-06-23T18:55:27+03:00,ssr-window,10.0.0-beta.2,False,0,18102,18102,3.8751,3.8751
nolimits4web/swiper,44de97b222941af6a93520419d0ea4ca78a0b972,7cdcebfa85526985c9c3ca7621980166e284866d,2022-12-09T18:55:39+03:00,dom7,feat(core): remove Dom7,False,0,16735,16731,3.8491,3.8503
nolimits4web/swiper,1329c102d806cd892ba16bd6942a0e7b26483d7a,ba938b03afdb82e9006c4a4c90d3a22998302043,2022-11-09T11:33:58+03:00,tslib,feat: remove Angular and SolidJS components,False,0,20457,17275,3.5673,4.09
nolimits4web/swiper,f9978302fe92badd65ff9f0f43b541964b2d7ad9,8bea45769765d5d0b9289bf2447189d0e6e739eb,2021-01-21T17:12:23+03:00,@nguniversal/express-engine,deps to dev deps,False,0,16448,16448,5.5158,5.5158
nolimits4web/swiper,f9978302fe92badd65ff9f0f43b541964b2d7ad9,8bea45769765d5d0b9289bf2447189d0e6e739eb,2021-01-21T17:12:23+03:00,express,deps to dev deps,False,0,16448,16448,5.5158,5.5158
nolimits4web/swiper,a0dcb5907cf74aa25f4d504d37bdac4eb1d5b2e2,ab5d9f4546a3aa29216886aa32e7f659ffa9ea5e,2015-10-10T15:15:28+03:00,jquery,3.1.7 Rlease,False,0,15414,15396,5.3248,5.3862
videojs/video.js,3380d33d6f9c2c22a50b35a759519b90723f33a4,57c27f8e5ca8ba79340871aa497317b61ec492b6,2024-08-11T08:21:10+02:00,safe-json-parse,chore: Remove safe-json-parse (#8790),False,0,,,,
videojs/video.js,35de64ceb04b4b7dd6be067e275128d02c6d6e91,978731eddfde3253fe583a88c477db8ecfa40afd,2024-05-23T18:50:23+02:00,keycode,refactor: Replace keycode dependency with event.key (#8735),False,0,,,,
videojs/video.js,90f3e39b3314d716e0df3092051a426f9d478b62,cb1d29bcb9e5b670b02ecde5d3b79a716689e203,2021-05-04T11:45:59-04:00,rollup-plugin-replace,chore: update node/nvmrc and various dependencies (#7221),False,0,,,,
videojs/video.js,9abba58defb6de8e786addb7253ff11f2e1e9e81,f0d69cde56d289e7f87ef8aaa763decc5c274bed,2021-04-13T11:23:11-04:00,remove,fix(package): remove remove (#7177),False,0,,,,
videojs/video.js,bd58039c78b7dc1de83a735de46f69ec5ab8219c,064fcafd44a0bb775c084c646d9947146693900e,2019-08-30T11:13:45-04:00,xhr,perf: Save 3740 bytes gizpped by getting rid of xhr deps (#6164),False,0,,,,
videojs/video.js,549552ed43b1d1e124eced379a03551e076ec8af,977cd4a27d0d8866799c73d4a963b812d65f48cc,2019-08-19T14:56:16-04:00,tsml,fix: remove deprecated tsml dependency (#6174),False,0,,,,
videojs/video.js,313036e13246499cc2b3a0dbae66c4d149b680c5,59adeb332fc13a6bdbff362922396ff2b6e061e5,2018-10-12T15:54:51-04:00,babel-runtime,chore(babel): Upgrade to Babel 7 (#5498),False,0,,,,
videojs/video.js,bc2da7c67bfe1be6deb811269ed3b4a438f8c1a6,0a20d65c04dca032d89d2a05fd9345ef575ea8c4,2018-03-23T13:25:12-04:00,videojs-ie8,refactor: remove IE8 specific changes (#5041),False,0,,,,
videojs/video.js,b387437aedc83e362740a42f92b1245ee91b8ec2,524f868e3164c7a8ef01b41ed37f7e89305f350d,2017-01-19T16:01:56-05:00,videojs-swf,feat: remove flash tech (#3956),False,0,34231,32647,2.623,2.6022
videojs/video.js,761b877626e9f056464f3ef12923d0bb768c276b,8f16de277827f77ddd65038bb17d1d7cb88861ee,2016-12-02T15:51:41-05:00,lodash-compat,"feat: Eliminate lodash-compat as a dependency, rewrite mergeOptions (#3760)",False,0,32649,32657,2.7701,2.7592
videojs/video.js,8f16de277827f77ddd65038bb17d1d7cb88861ee,54ff1f97b8588d0baf6131df2b18e4194fd3e272,2016-12-02T15:44:57-05:00,object.assign,feat: Object Type-Detection and Replacing object.assign (#3757),False,0,32556,32649,2.7862,2.7701
videojs/video.js,16f2e4113a8c766fe5c2189126c20f132b2f51d6,4424a06a3dffeb06008e6bdb63e762bbce210b51,2015-12-09T18:12:46-05:00,vtt.js,@gkatsev switched to use custom vtt.js from npm. closes #2905,False,0,22203,22203,2.4897,2.4897
videojs/video.js,8d768ef0ab6c3b2fb9f3148eccb2406337020384,3bf01d9a41a47d677ab6fea7124d0f35691d3167,2015-05-28T18:20:06-07:00,lodash.merge,Switched lodash to use the compat version for IE8 support,False,0,15703,15703,2.7365,2.7365
videojs/video.js,a88e311214d45938d0d4fc677b923ad40f482156,fb5d0ce6ad28fe3aaeab35e0e4ce5779d75e3b4b,2015-05-28T11:00:08-07:00,lodash.isplainobject,Fixed a number of IE8 and Flash issues from 5.0 changes,False,0,15688,15703,2.7326,2.7365
videojs/video.js,1bfe0b4fed00f005fd6b3ce3deb15578b4378a86,5d550ffada237e937cf31ef344f3719112163ea6,2015-05-21T11:33:12-07:00,lodash.clonedeep,Clean up and documentation of src/js/video.js and DOM functions,False,0,15629,15755,2.76,2.741
videojs/video.js,a8ff970d4a940d2787eb816c4eb5b8dccc08c3a8,2bf0be72f3b1a3bd5b8421bb5ccda7dae6cf13cc,2015-05-15T18:20:35-07:00,inherits,Broke up Lib and Util into smaller libraries of functions,False,0,16140,15640,2.7156,2.7655
Dogfalo/materialize,6f3a707b922067e8826bc5024b2977ad5b8fbd58,8904a95720150e367e66b97e6094a8d88847a209,2017-11-07T09:14:48-08:00,jquery,Remove Roboto font from materialize,False,0,,,,
Dogfalo/materialize,0f3bb539e7d6716909181a7935aa8501a596f61d,ae65ae0fba239ff2e74108ad1fa255c7b804977d,2017-10-04T14:28:53-07:00,hammerjs,axed hammer.js,False,0,,,,
Dogfalo/materialize,d5a729db0753202db12870ab56d338899ba4fc84,62b3e8a1a6739ea5f349dc24ebfbb494260239d2,2017-06-04T18:53:31+02:00,hammerjs,Only necessary files are published to npm,False,0,,,,
Dogfalo/materialize,d5a729db0753202db12870ab56d338899ba4fc84,62b3e8a1a6739ea5f349dc24ebfbb494260239d2,2017-06-04T18:53:31+02:00,jquery,Only necessary files are published to npm,False,0,,,,
Dogfalo/materialize,d5a729db0753202db12870ab56d338899ba4fc84,62b3e8a1a6739ea5f349dc24ebfbb494260239d2,2017-06-04T18:53:31+02:00,node-archiver,Only necessary files are published to npm,False,0,,,,
Dogfalo/materialize,133dfd7f5f578179432a4d28556a34fbb9bca4fe,c3f3cc25a127055fdaebb152c69e7a11fa8c98b7,2015-03-01T18:24:41+00:00,grunt,Use dev dependencies,False,0,,,,
Dogfalo/materialize,133dfd7f5f578179432a4d28556a34fbb9bca4fe,c3f3cc25a127055fdaebb152c69e7a11fa8c98b7,2015-03-01T18:24:41+00:00,grunt-contrib-clean,Use dev dependencies,False,0,,,,
Dogfalo/materialize,133dfd7f5f578179432a4d28556a34fbb9bca4fe,c3f3cc25a127055fdaebb152c69e7a11fa8c98b7,2015-03-01T18:24:41+00:00,grunt-contrib-connect,Use dev dependencies,False,0,,,,
Dogfalo/materialize,133dfd7f5f578179432a4d28556a34fbb9bca4fe,c3f3cc25a127055fdaebb152c69e7a11fa8c98b7,2015-03-01T18:24:41+00:00,grunt-contrib-copy,Use dev dependencies,False,0,,,,
Dogfalo/materialize,133dfd7f5f578179432a4d28556a34fbb9bca4fe,c3f3cc25a127055fdaebb152c69e7a11fa8c98b7,2015-03-01T18:24:41+00:00,grunt-contrib-cssmin,Use dev dependencies,False,0,,,,
Dogfalo/materialize,133dfd7f5f578179432a4d28556a34fbb9bca4fe,c3f3cc25a127055fdaebb152c69e7a11fa8c98b7,2015-03-01T18:24:41+00:00,grunt-contrib-jade,Use dev dependencies,False,0,,,,
Dogfalo/materialize,133dfd7f5f578179432a4d28556a34fbb9bca4fe,c3f3cc25a127055fdaebb152c69e7a11fa8c98b7,2015-03-01T18:24:41+00:00,grunt-contrib-uglify,Use dev dependencies,False,0,,,,
Dogfalo/materialize,133dfd7f5f578179432a4d28556a34fbb9bca4fe,c3f3cc25a127055fdaebb152c69e7a11fa8c98b7,2015-03-01T18:24:41+00:00,grunt-sass,Use dev dependencies,False,0,,,,
Dogfalo/materialize,133dfd7f5f578179432a4d28556a34fbb9bca4fe,c3f3cc25a127055fdaebb152c69e7a11fa8c98b7,2015-03-01T18:24:41+00:00,grunt-contrib-concat,Use dev dependencies,False,0,,,,
Dogfalo/materialize,133dfd7f5f578179432a4d28556a34fbb9bca4fe,c3f3cc25a127055fdaebb152c69e7a11fa8c98b7,2015-03-01T18:24:41+00:00,grunt-contrib-compress,Use dev dependencies,False,0,,,,
Dogfalo/materialize,133dfd7f5f578179432a4d28556a34fbb9bca4fe,c3f3cc25a127055fdaebb152c69e7a11fa8c98b7,2015-03-01T18:24:41+00:00,grunt-contrib-watch,Use dev dependencies,False,0,,,,
Dogfalo/materialize,133dfd7f5f578179432a4d28556a34fbb9bca4fe,c3f3cc25a127055fdaebb152c69e7a11fa8c98b7,2015-03-01T18:24:41+00:00,grunt-concurrent,Use dev dependencies,False,0,,,,
Dogfalo/materialize,133dfd7f5f578179432a4d28556a34fbb9bca4fe,c3f3cc25a127055fdaebb152c69e7a11fa8c98b7,2015-03-01T18:24:41+00:00,grunt-notify,Use dev dependencies,False,0,,,,
Dogfalo/materialize,133dfd7f5f578179432a4d28556a34fbb9bca4fe,c3f3cc25a127055fdaebb152c69e7a11fa8c98b7,2015-03-01T18:24:41+00:00,grunt-text-replace,Use dev dependencies,False,0,,,,
Dogfalo/materialize,133dfd7f5f578179432a4d28556a34fbb9bca4fe,c3f3cc25a127055fdaebb152c69e7a11fa8c98b7,2015-03-01T18:24:41+00:00,grunt-rename,Use dev dependencies,False,0,,,,
Dogfalo/materialize,133dfd7f5f578179432a4d28556a34fbb9bca4fe,c3f3cc25a127055fdaebb152c69e7a11fa8c98b7,2015-03-01T18:24:41+00:00,grunt-remove-logging,Use dev dependencies,False,0,,,,
Dogfalo/materialize,477f2d201997c39a18ddde5306fdbbcfefe00abf,5169eca280295c1c51effebb2c3e0106e2a53c6d,2014-12-20T08:20:29-05:00,grunt-contrib-sass,v0.93.1 Release,False,0,,,,
phaserjs/phaser,1f292d80b0c81cddeb7a18a2246c4bbfa557c019,ba68697ba250986a60cb37dfe28817056ea1064d,2021-12-15T18:45:26+03:00,path,remove `path` from package.json dependencies,False,0,,,,
phaserjs/phaser,f1f8b505307c7d7beab40a9184ec0497b09b5dc9,13c7558748eab143342ce4ca09804af1f334f811,2021-01-19T00:41:35-05:00,exports-loader,Move webpack loaders to dev dependencies.,False,0,,,,
phaserjs/phaser,f1f8b505307c7d7beab40a9184ec0497b09b5dc9,13c7558748eab143342ce4ca09804af1f334f811,2021-01-19T00:41:35-05:00,imports-loader,Move webpack loaders to dev dependencies.,False,0,,,,
phaserjs/phaser,ccc963704e0f8bfea1947841d307c71a7f324438,12e26eebef650227b32f3175ffaa8a436fda0537,2019-10-13T18:26:35+02:00,remove-files-webpack-plugin,Move `remove-files-webpack-plugin` to _devDependencies_,False,0,,,,
phaserjs/phaser,dd2affe1298c8523ac7f68b2f3f9e49350dec528,4e59d2c3735f8c30577ebf14b61a2d57bc3c5036,2019-10-11T19:07:43+01:00,dts-dom,Moved packages around,False,0,,,,
phaserjs/phaser,dd2affe1298c8523ac7f68b2f3f9e49350dec528,4e59d2c3735f8c30577ebf14b61a2d57bc3c5036,2019-10-11T19:07:43+01:00,jsdoc,Moved packages around,False,0,,,,
phaserjs/phaser,dd2affe1298c8523ac7f68b2f3f9e49350dec528,4e59d2c3735f8c30577ebf14b61a2d57bc3c5036,2019-10-11T19:07:43+01:00,typescript,Moved packages around,False,0,,,,
phaserjs/phaser,a33969391ce60b7c616bd9460cef8e0e605870d3,d057c32246fa8c91ac9f77d253a51d4659e40d99,2018-03-27T18:40:26+01:00,npm,npm. no proper messaging.,False,0,,,,
phaserjs/phaser,9438870600e3e5779f234011b9dcabd6c1cccb6c,fa85f43d2ed5b011d4d235ed7b7dbc251eeee32f,2017-10-09T11:27:20+01:00,extract-comments,Tidying up for Beta 6 release.,False,0,,,,
phaserjs/phaser,1b77dc4fa4ec70fbbd2fcf4314800f1951681b61,e6fefdab24102224efaaaf94e3239a2ffbc54d75,2017-04-30T21:52:22-03:00,json-loader,"Upgraded development dependencies, some clean up.",False,0,,,,
phaserjs/phaser,1b77dc4fa4ec70fbbd2fcf4314800f1951681b61,e6fefdab24102224efaaaf94e3239a2ffbc54d75,2017-04-30T21:52:22-03:00,webpack,"Upgraded development dependencies, some clean up.",False,0,,,,
phaserjs/phaser,7d98a1bb9d9fe76036f4b1d2ec286a09855c4c54,c5cccf328311517013dacc6d7eb00c53b55a85b1,2013-05-01T04:10:21+01:00,glob,New FXManager system and Camera FX now in place.,False,0,105885,114898,2.781,2.7895
phaserjs/phaser,7d98a1bb9d9fe76036f4b1d2ec286a09855c4c54,c5cccf328311517013dacc6d7eb00c53b55a85b1,2013-05-01T04:10:21+01:00,lodash,New FXManager system and Camera FX now in place.,False,0,105885,114898,2.781,2.7895
phaserjs/phaser,7d98a1bb9d9fe76036f4b1d2ec286a09855c4c54,c5cccf328311517013dacc6d7eb00c53b55a85b1,2013-05-01T04:10:21+01:00,minimatch,New FXManager system and Camera FX now in place.,False,0,105885,114898,2.781,2.7895
phaserjs/phaser,7d98a1bb9d9fe76036f4b1d2ec286a09855c4c54,c5cccf328311517013dacc6d7eb00c53b55a85b1,2013-05-01T04:10:21+01:00,graceful-fs,New FXManager system and Camera FX now in place.,False,0,105885,114898,2.781,2.7895
phaserjs/phaser,7d98a1bb9d9fe76036f4b1d2ec286a09855c4c54,c5cccf328311517013dacc6d7eb00c53b55a85b1,2013-05-01T04:10:21+01:00,inherits,New FXManager system and Camera FX now in place.,False,0,105885,114898,2.781,2.7895
phaserjs/phaser,7d98a1bb9d9fe76036f4b1d2ec286a09855c4c54,c5cccf328311517013dacc6d7eb00c53b55a85b1,2013-05-01T04:10:21+01:00,underscore,New FXManager system and Camera FX now in place.,False,0,105885,114898,2.781,2.7895
phaserjs/phaser,7d98a1bb9d9fe76036f4b1d2ec286a09855c4c54,c5cccf328311517013dacc6d7eb00c53b55a85b1,2013-05-01T04:10:21+01:00,underscore.string,New FXManager system and Camera FX now in place.,False,0,105885,114898,2.781,2.7895
phaserjs/phaser,7d98a1bb9d9fe76036f4b1d2ec286a09855c4c54,c5cccf328311517013dacc6d7eb00c53b55a85b1,2013-05-01T04:10:21+01:00,argparse,New FXManager system and Camera FX now in place.,False,0,105885,114898,2.781,2.7895
phaserjs/phaser,7d98a1bb9d9fe76036f4b1d2ec286a09855c4c54,c5cccf328311517013dacc6d7eb00c53b55a85b1,2013-05-01T04:10:21+01:00,lru-cache,New FXManager system and Camera FX now in place.,False,0,105885,114898,2.781,2.7895
phaserjs/phaser,7d98a1bb9d9fe76036f4b1d2ec286a09855c4c54,c5cccf328311517013dacc6d7eb00c53b55a85b1,2013-05-01T04:10:21+01:00,sigmund,New FXManager system and Camera FX now in place.,False,0,105885,114898,2.781,2.7895
phaserjs/phaser,7d98a1bb9d9fe76036f4b1d2ec286a09855c4c54,c5cccf328311517013dacc6d7eb00c53b55a85b1,2013-05-01T04:10:21+01:00,abbrev,New FXManager system and Camera FX now in place.,False,0,105885,114898,2.781,2.7895
phaserjs/phaser,7d98a1bb9d9fe76036f4b1d2ec286a09855c4c54,c5cccf328311517013dacc6d7eb00c53b55a85b1,2013-05-01T04:10:21+01:00,async,New FXManager system and Camera FX now in place.,False,0,105885,114898,2.781,2.7895
phaserjs/phaser,7d98a1bb9d9fe76036f4b1d2ec286a09855c4c54,c5cccf328311517013dacc6d7eb00c53b55a85b1,2013-05-01T04:10:21+01:00,coffee-script,New FXManager system and Camera FX now in place.,False,0,105885,114898,2.781,2.7895
phaserjs/phaser,7d98a1bb9d9fe76036f4b1d2ec286a09855c4c54,c5cccf328311517013dacc6d7eb00c53b55a85b1,2013-05-01T04:10:21+01:00,colors,New FXManager system and Camera FX now in place.,False,0,105885,114898,2.781,2.7895
phaserjs/phaser,7d98a1bb9d9fe76036f4b1d2ec286a09855c4c54,c5cccf328311517013dacc6d7eb00c53b55a85b1,2013-05-01T04:10:21+01:00,dateformat,New FXManager system and Camera FX now in place.,False,0,105885,114898,2.781,2.7895
phaserjs/phaser,7d98a1bb9d9fe76036f4b1d2ec286a09855c4c54,c5cccf328311517013dacc6d7eb00c53b55a85b1,2013-05-01T04:10:21+01:00,eventemitter2,New FXManager system and Camera FX now in place.,False,0,105885,114898,2.781,2.7895
phaserjs/phaser,7d98a1bb9d9fe76036f4b1d2ec286a09855c4c54,c5cccf328311517013dacc6d7eb00c53b55a85b1,2013-05-01T04:10:21+01:00,findup-sync,New FXManager system and Camera FX now in place.,False,0,105885,114898,2.781,2.7895
phaserjs/phaser,7d98a1bb9d9fe76036f4b1d2ec286a09855c4c54,c5cccf328311517013dacc6d7eb00c53b55a85b1,2013-05-01T04:10:21+01:00,hooker,New FXManager system and Camera FX now in place.,False,0,105885,114898,2.781,2.7895
phaserjs/phaser,7d98a1bb9d9fe76036f4b1d2ec286a09855c4c54,c5cccf328311517013dacc6d7eb00c53b55a85b1,2013-05-01T04:10:21+01:00,iconv-lite,New FXManager system and Camera FX now in place.,False,0,105885,114898,2.781,2.7895
phaserjs/phaser,7d98a1bb9d9fe76036f4b1d2ec286a09855c4c54,c5cccf328311517013dacc6d7eb00c53b55a85b1,2013-05-01T04:10:21+01:00,nopt,New FXManager system and Camera FX now in place.,False,0,105885,114898,2.781,2.7895
phaserjs/phaser,7d98a1bb9d9fe76036f4b1d2ec286a09855c4c54,c5cccf328311517013dacc6d7eb00c53b55a85b1,2013-05-01T04:10:21+01:00,rimraf,New FXManager system and Camera FX now in place.,False,0,105885,114898,2.781,2.7895
phaserjs/phaser,7d98a1bb9d9fe76036f4b1d2ec286a09855c4c54,c5cccf328311517013dacc6d7eb00c53b55a85b1,2013-05-01T04:10:21+01:00,which,New FXManager system and Camera FX now in place.,False,0,105885,114898,2.781,2.7895
phaserjs/phaser,7d98a1bb9d9fe76036f4b1d2ec286a09855c4c54,c5cccf328311517013dacc6d7eb00c53b55a85b1,2013-05-01T04:10:21+01:00,js-yaml,New FXManager system and Camera FX now in place.,False,0,105885,114898,2.781,2.7895
phaserjs/phaser,2087b2d76e9e8cc5c8c1ce08f1932aac199d0198,b2e1434f5eae4a0ec865094e42f2f1a1e93e004b,2013-04-26T00:24:58+01:00,debug,tidying up,False,0,,85391,,2.7485
phaserjs/phaser,2087b2d76e9e8cc5c8c1ce08f1932aac199d0198,b2e1434f5eae4a0ec865094e42f2f1a1e93e004b,2013-04-26T00:24:58+01:00,mime,tidying up,False,0,,85391,,2.7485
phaserjs/phaser,2087b2d76e9e8cc5c8c1ce08f1932aac199d0198,b2e1434f5eae4a0ec865094e42f2f1a1e93e004b,2013-04-26T00:24:58+01:00,fresh,tidying up,False,0,,85391,,2.7485
phaserjs/phaser,2087b2d76e9e8cc5c8c1ce08f1932aac199d0198,b2e1434f5eae4a0ec865094e42f2f1a1e93e004b,2013-04-26T00:24:58+01:00,range-parser,tidying up,False,0,,85391,,2.7485
phaserjs/phaser,2087b2d76e9e8cc5c8c1ce08f1932aac199d0198,b2e1434f5eae4a0ec865094e42f2f1a1e93e004b,2013-04-26T00:24:58+01:00,qs,tidying up,False,0,,85391,,2.7485
phaserjs/phaser,2087b2d76e9e8cc5c8c1ce08f1932aac199d0198,b2e1434f5eae4a0ec865094e42f2f1a1e93e004b,2013-04-26T00:24:58+01:00,formidable,tidying up,False,0,,85391,,2.7485
phaserjs/phaser,2087b2d76e9e8cc5c8c1ce08f1932aac199d0198,b2e1434f5eae4a0ec865094e42f2f1a1e93e004b,2013-04-26T00:24:58+01:00,cookie-signature,tidying up,False,0,,85391,,2.7485
phaserjs/phaser,2087b2d76e9e8cc5c8c1ce08f1932aac199d0198,b2e1434f5eae4a0ec865094e42f2f1a1e93e004b,2013-04-26T00:24:58+01:00,buffer-crc32,tidying up,False,0,,85391,,2.7485
phaserjs/phaser,2087b2d76e9e8cc5c8c1ce08f1932aac199d0198,b2e1434f5eae4a0ec865094e42f2f1a1e93e004b,2013-04-26T00:24:58+01:00,cookie,tidying up,False,0,,85391,,2.7485
phaserjs/phaser,2087b2d76e9e8cc5c8c1ce08f1932aac199d0198,b2e1434f5eae4a0ec865094e42f2f1a1e93e004b,2013-04-26T00:24:58+01:00,send,tidying up,False,0,,85391,,2.7485
phaserjs/phaser,2087b2d76e9e8cc5c8c1ce08f1932aac199d0198,b2e1434f5eae4a0ec865094e42f2f1a1e93e004b,2013-04-26T00:24:58+01:00,bytes,tidying up,False,0,,85391,,2.7485
phaserjs/phaser,2087b2d76e9e8cc5c8c1ce08f1932aac199d0198,b2e1434f5eae4a0ec865094e42f2f1a1e93e004b,2013-04-26T00:24:58+01:00,pause,tidying up,False,0,,85391,,2.7485
phaserjs/phaser,2087b2d76e9e8cc5c8c1ce08f1932aac199d0198,b2e1434f5eae4a0ec865094e42f2f1a1e93e004b,2013-04-26T00:24:58+01:00,connect,tidying up,False,0,,85391,,2.7485
phaserjs/phaser,2087b2d76e9e8cc5c8c1ce08f1932aac199d0198,b2e1434f5eae4a0ec865094e42f2f1a1e93e004b,2013-04-26T00:24:58+01:00,fileset,tidying up,False,0,,85391,,2.7485
phaserjs/phaser,2087b2d76e9e8cc5c8c1ce08f1932aac199d0198,b2e1434f5eae4a0ec865094e42f2f1a1e93e004b,2013-04-26T00:24:58+01:00,gaze,tidying up,False,0,,85391,,2.7485
phaserjs/phaser,2087b2d76e9e8cc5c8c1ce08f1932aac199d0198,b2e1434f5eae4a0ec865094e42f2f1a1e93e004b,2013-04-26T00:24:58+01:00,open,tidying up,False,0,,85391,,2.7485
phaserjs/phaser,2087b2d76e9e8cc5c8c1ce08f1932aac199d0198,b2e1434f5eae4a0ec865094e42f2f1a1e93e004b,2013-04-26T00:24:58+01:00,zlib-browserify,tidying up,False,0,,85391,,2.7485
phaserjs/phaser,2087b2d76e9e8cc5c8c1ce08f1932aac199d0198,b2e1434f5eae4a0ec865094e42f2f1a1e93e004b,2013-04-26T00:24:58+01:00,grunt,tidying up,False,0,,85391,,2.7485
phaserjs/phaser,2087b2d76e9e8cc5c8c1ce08f1932aac199d0198,b2e1434f5eae4a0ec865094e42f2f1a1e93e004b,2013-04-26T00:24:58+01:00,typescript,tidying up,False,0,,85391,,2.7485
phaserjs/phaser,2087b2d76e9e8cc5c8c1ce08f1932aac199d0198,b2e1434f5eae4a0ec865094e42f2f1a1e93e004b,2013-04-26T00:24:58+01:00,grunt-lib-contrib,tidying up,False,0,,85391,,2.7485
naptha/tesseract.js,e2e8e3b24f2a36e96c12b6cf8c36c6da9c81a605,15ed5973ebe7baf4d2363fe5f5245758ae1c4a9f,2024-12-24T00:56:08-08:00,is-electron,Fixed compatibility with electron by removing legacy special case per #925 (#982),False,0,,,,
naptha/tesseract.js,32acbd8579463bfdec4536dc0b83b3c28c56f48a,fd1c8b2dc72fa69be9fdcd6080c51ca17bb2bc4d,2023-06-01T23:32:04-07:00,file-type,Removed file-type dependency per #711 (#775),False,0,,,,
naptha/tesseract.js,fd1c8b2dc72fa69be9fdcd6080c51ca17bb2bc4d,a5f10d843878c979530ce48e7978948aeff0a3b1,2023-06-01T22:39:56-07:00,resolve-url,Replaced resolve-url dependency per #773 (#774),False,0,,,,
naptha/tesseract.js,6b22a0086a52bebb9bdcba33bcc966ccb7056157,fedb532fc4df6ee565960d9c09ab426d4f7a88b2,2023-04-13T19:28:59-07:00,babel-eslint,build(deps-dev): replace babel-eslint with @babel-eslint-parser (#729),False,0,,,,
naptha/tesseract.js,13b95f6371cf6867e1285832aca6aff6dff84244,a9ac00ccac5527afacd556586fdca00fbe3c4fe7,2022-08-19T00:08:36-07:00,blueimp-load-image,Updated to Tesseract.js v.3; added exif-based rotation (#638),False,0,,,,
naptha/tesseract.js,13b95f6371cf6867e1285832aca6aff6dff84244,a9ac00ccac5527afacd556586fdca00fbe3c4fe7,2022-08-19T00:08:36-07:00,jpeg-autorotate,Updated to Tesseract.js v.3; added exif-based rotation (#638),False,0,,,,
naptha/tesseract.js,b2bc416dd2cdefee271324e31061e796a1971609,a5fa14cc3b8551efc7af2c3b7d7b7600b486b23d,2019-12-21T16:33:40+08:00,axios,"Remove axios and add webpack-bundle-analyzer, close #353",False,0,,,,
naptha/tesseract.js,4100c0ed7a276d8958ef73c50ca20e1e427d62cd,3ec7092105f9a9b48f14615e21f80c576e3181db,2019-10-01T21:54:59+08:00,check-types,Complete basic refactoring,False,0,,,,
naptha/tesseract.js,4100c0ed7a276d8958ef73c50ca20e1e427d62cd,3ec7092105f9a9b48f14615e21f80c576e3181db,2019-10-01T21:54:59+08:00,tesseract.js-utils,Complete basic refactoring,False,0,,,,
naptha/tesseract.js,b76b7b83834b568f716df9a12c38d071956e936e,06539f7405c1df263529b1b774c7ffafd836b347,2019-09-25T19:48:39+08:00,node-fetch,Remove node-fetch,False,0,,,,
naptha/tesseract.js,ec1a81e72dae60a61e1ba59bbd016b79c5bb986e,38b107b09465bc794417a181a2aee25b1e237b12,2018-11-20T02:53:14+08:00,file-type,Update browser code,False,0,10457,866,3.5272,2.9817
naptha/tesseract.js,ec1a81e72dae60a61e1ba59bbd016b79c5bb986e,38b107b09465bc794417a181a2aee25b1e237b12,2018-11-20T02:53:14+08:00,isomorphic-fetch,Update browser code,False,0,10457,866,3.5272,2.9817
naptha/tesseract.js,ec1a81e72dae60a61e1ba59bbd016b79c5bb986e,38b107b09465bc794417a181a2aee25b1e237b12,2018-11-20T02:53:14+08:00,jpeg-js,Update browser code,False,0,10457,866,3.5272,2.9817
naptha/tesseract.js,ec1a81e72dae60a61e1ba59bbd016b79c5bb986e,38b107b09465bc794417a181a2aee25b1e237b12,2018-11-20T02:53:14+08:00,level-js,Update browser code,False,0,10457,866,3.5272,2.9817
naptha/tesseract.js,ec1a81e72dae60a61e1ba59bbd016b79c5bb986e,38b107b09465bc794417a181a2aee25b1e237b12,2018-11-20T02:53:14+08:00,object-assign,Update browser code,False,0,10457,866,3.5272,2.9817
naptha/tesseract.js,ec1a81e72dae60a61e1ba59bbd016b79c5bb986e,38b107b09465bc794417a181a2aee25b1e237b12,2018-11-20T02:53:14+08:00,png.js,Update browser code,False,0,10457,866,3.5272,2.9817
naptha/tesseract.js,52ddac57f3d4fc10ed378313f29e269b1a93ae75,3645946a5d056f620bf717dedcd3df1839d13b01,2016-10-16T13:18:54-04:00,isomorphic-fetch,switch to node-fetch from isomorphic fetch,False,0,10526,10526,3.5963,3.5963
naptha/tesseract.js,048384951f848e70464445a31bb142c37f78ba0e,ada7e8364c9652226b401a529f1058f2b7b5abdf,2016-10-12T04:47:08-04:00,pako,package json,False,0,13834,13834,4.1455,4.1455
denysdovhan/wtfjs,898a5b3ddaa0c1c57c5698984246c5917b535396,de0dd96188a717164f2e3befea85859ea10e57be,2022-04-22T16:23:52+03:00,doctoc,ci: Use npx in scripts,False,0,95,95,2.3333,2.3333
preactjs/preact,2d76a3b4ed78598da5405aad96aaa6095811d518,9087adf52611421573fcf6c8d7e258388452f08d,2024-12-04T16:37:56+01:00,afterframe,Remove benches folder (#4592),False,0,52386,50401,1.4427,1.4232
preactjs/preact,2d76a3b4ed78598da5405aad96aaa6095811d518,9087adf52611421573fcf6c8d7e258388452f08d,2024-12-04T16:37:56+01:00,preact,Remove benches folder (#4592),False,0,52386,50401,1.4427,1.4232
preactjs/preact,62fab6f894947e89ab5d9a3511527424a53466c8,5748d0c2772dc122a084a019f0eae13568b40ad3,2020-11-02T22:22:49+01:00,csstype,Inline csstype on build to be dependency free,False,0,38988,38994,1.4612,1.4612
preactjs/preact,e75bfca3110e629612ecb7991d0d5e146d4c5971,1d1c0c0756f5b560e7665411e275d35f8e67d060,2020-04-10T12:43:57-07:00,preact,Add scripts to auto-generate default config and custom configs,False,0,35120,35668,1.4491,1.4547
preactjs/preact,e9f2419e27f13c12459ac1e6ca16417aeb97705f,860f47e4d068a213015373c623f3e9098860b59f,2020-01-16T22:17:36+01:00,npm-merge-driver,add it to devDeps instead,False,0,37646,37646,1.506,1.506
preactjs/preact,6683a08fcc5b674929955a691031484bde82c91c,c95b5eaf741f609dd1dde7a5df35f544634ab97e,2019-04-10T13:21:07-07:00,prop-types,move most recent version of prop-types to a top-level devDependency.,False,0,21028,21028,1.6033,1.6033
preactjs/preact,08c8e65c02a7e8be7548e9cb54a0995060d72b62,d4f7523536c78e815a0bf410a5f4c17cc07cacdd,2019-03-29T17:19:15+01:00,mobx-preact,Switch to mobx-react,False,0,20328,20328,1.6092,1.6092
preactjs/preact,112c88a8970d0ea79a294c584b96501aac40cf7b,d00e200747db86572cef27d9799155008f060777,2019-03-01T14:08:20+01:00,preact,Update version to 10.0.0-alpha.0,False,0,18523,18523,1.6266,1.6266
preactjs/preact,f0fa79d506c377b4da0b63ace3d33c68999ad69b,cd14405528f27e1dc149c8aa3375268827146eb8,2019-02-15T10:28:26+01:00,ceviche,Change compat imports from ceviche -> preact,False,0,17754,17754,1.6594,1.6594
preactjs/preact,71e5a774362464fe3f692561859dadd4ce258d64,9523330c3e13b262a391c5a768558f50fbd9729b,2019-02-13T20:00:39+01:00,ceviche,Switch package name from ceviche to preact,False,0,17084,17081,1.6508,1.6508
preactjs/preact,f687b54667337220ab76456e19eff28ce7dc506c,fd60019b4356b4e126fe70101cfe3c994b31226d,2019-01-24T23:03:23+01:00,preact-router,Replace preact-router with minimal ceviche router,False,0,15398,15445,1.6716,1.6771
preactjs/preact,539a564eac7e61dc215306906f70a6894f59513b,5b15858861ab4279e05da2f5e7da59135948e584,2018-07-15T13:30:08-04:00,object-shape,"Update build, remove old rollup stuff. Fixes mangling issue, slightly increases size.",False,0,7057,7021,2.2265,2.2249
preactjs/preact,669c51f1d413c6f0a8ec42ae343f5e82b1f6bc70,91abd2efe6d07a4f9ce5ecee5af36603db45af2d,2018-03-07T14:02:37+01:00,babel-preset-stage-0,use babel7,False,0,2108,2109,5.99,5.99
preactjs/preact,669c51f1d413c6f0a8ec42ae343f5e82b1f6bc70,91abd2efe6d07a4f9ce5ecee5af36603db45af2d,2018-03-07T14:02:37+01:00,css-loader,use babel7,False,0,2108,2109,5.99,5.99
preactjs/preact,669c51f1d413c6f0a8ec42ae343f5e82b1f6bc70,91abd2efe6d07a4f9ce5ecee5af36603db45af2d,2018-03-07T14:02:37+01:00,node-sass,use babel7,False,0,2108,2109,5.99,5.99
preactjs/preact,669c51f1d413c6f0a8ec42ae343f5e82b1f6bc70,91abd2efe6d07a4f9ce5ecee5af36603db45af2d,2018-03-07T14:02:37+01:00,sass-loader,use babel7,False,0,2108,2109,5.99,5.99
preactjs/preact,669c51f1d413c6f0a8ec42ae343f5e82b1f6bc70,91abd2efe6d07a4f9ce5ecee5af36603db45af2d,2018-03-07T14:02:37+01:00,style-loader,use babel7,False,0,2108,2109,5.99,5.99
upstash/context7,2e6c9a6c6b1a9c121f1a0cc4a5a5b1adb61e58ff,1042650638943ef8d1ed48ef93678c1ec1854f06,2025-06-11T14:49:50+03:00,dotenv,"feat: replace env vars with CLI arguments, remove dotenv and add commander",False,0,477,484,4.5714,4.2727
HeyPuter/puter,54310ad0abe08400fb8c61109e2255b5a641a586,7e21aad986ac90a24c1ef47dd98c12dc1c8cf527,2025-11-07T17:17:54-05:00,rollup,"chore: remove rollup, always use webpack",False,0,,,,
HeyPuter/puter,5ff8c7e0409f0427293c676213608309824af549,cc7369d9d71b72b97929a2f1387c4f006bab5832,2025-11-04T18:19:55-08:00,stripe,"feat: rawBody parser, user  metadata column + other misc fixes (#1904)",False,0,,,,
HeyPuter/puter,758bef0582f3f674541f39591d0bce0ed3d2855b,823c06c371e0535405333be8b8b3f0ebb0e2d290,2025-11-02T06:09:13-08:00,stripe,Revert: commits for user metadata changes (#1887),False,0,,,,
HeyPuter/puter,70c7aa41ac3825bef4567a4ed5834fc9a71f2d52,9607706d11590c05f1f2393eaefc91487d53f0d6,2025-10-10T15:01:07-04:00,aws-sdk,"Reapply ""Logs Update"" (#1730)",False,0,,,,
HeyPuter/puter,8f7a68ace605d746ef8505197ad7d380a91ec170,2c614b2b9981defd65d4480f105ca982e86beec5,2025-10-09T23:08:01-04:00,@aws-sdk/client-sns,"Revert ""Logs Update"" (#1730)",False,0,,,,
HeyPuter/puter,a3c6c0b9143768c8238244b7bfde5524b2da6604,fc725d0130b1ddfd888d1feceab3f718b297b729,2025-10-09T19:16:20-07:00,aws-sdk,"Revert ""revert: revert devex changes  (#1728)"" (#1729)",False,0,,,,
HeyPuter/puter,fc725d0130b1ddfd888d1feceab3f718b297b729,c0d96c7e97bab4d194f20743259bbc0dd8921532,2025-10-09T18:43:03-07:00,@aws-sdk/client-sns,revert: revert devex changes  (#1728),False,0,,,,
HeyPuter/puter,4db73d75a55ccbe740051a63c9ae52f7e1ffcb21,4d8692fd310b8ca2b374643b26499d52cbf7da9d,2025-10-09T19:39:02-04:00,aws-sdk,sync: package.json changes,False,0,,,,
HeyPuter/puter,05071b43387022d5b5c5108325ba1d747353e0ca,e13b008c7910294fb9c591032db618b8d721c9c5,2025-09-12T18:43:20-04:00,@google/genai,"Revert ""feat: support Gemini imagegen service""",False,0,,,,
HeyPuter/puter,354b116b424243fac989009612b0e457d0e54e8c,502204a7b75ff4024efdefd05632880c819cb91c,2025-07-04T18:29:29-04:00,sharp,fix: make sharp optional,False,0,,,,
HeyPuter/puter,354b116b424243fac989009612b0e457d0e54e8c,502204a7b75ff4024efdefd05632880c819cb91c,2025-07-04T18:29:29-04:00,sharp-bmp,fix: make sharp optional,False,0,,,,
HeyPuter/puter,354b116b424243fac989009612b0e457d0e54e8c,502204a7b75ff4024efdefd05632880c819cb91c,2025-07-04T18:29:29-04:00,sharp-ico,fix: make sharp optional,False,0,,,,
HeyPuter/puter,06f5601a2ebe94c4651bc65220a6fcc5cd9fc910,75d22b010c976245f4438f80dde046050619d038,2025-06-27T23:10:53-07:00,qs,Update package.json,False,0,,,,
HeyPuter/puter,aeac392a7c4e4d9dbab93e6b084d2103ba32c44e,196f996435a111b8dabeadad03bdf1e571d83ec5,2025-06-27T22:46:34-07:00,fs,Remove mods and favicons,False,0,,,,
HeyPuter/puter,aeac392a7c4e4d9dbab93e6b084d2103ba32c44e,196f996435a111b8dabeadad03bdf1e571d83ec5,2025-06-27T22:46:34-07:00,path,Remove mods and favicons,False,0,,,,
HeyPuter/puter,1652fb496c6ad2e46c40591677011e99efd69391,2bebc4ba9f972257157fda2fb3e10f14ccc47916,2025-06-10T15:13:12-07:00,@babel/generator,Delete experiments directory,False,0,,,,
HeyPuter/puter,1652fb496c6ad2e46c40591677011e99efd69391,2bebc4ba9f972257157fda2fb3e10f14ccc47916,2025-06-10T15:13:12-07:00,acorn,Delete experiments directory,False,0,,,,
HeyPuter/puter,1652fb496c6ad2e46c40591677011e99efd69391,2bebc4ba9f972257157fda2fb3e10f14ccc47916,2025-06-10T15:13:12-07:00,acorn-static-class-features,Delete experiments directory,False,0,,,,
HeyPuter/puter,1652fb496c6ad2e46c40591677011e99efd69391,2bebc4ba9f972257157fda2fb3e10f14ccc47916,2025-06-10T15:13:12-07:00,escodegen,Delete experiments directory,False,0,,,,
HeyPuter/puter,1652fb496c6ad2e46c40591677011e99efd69391,2bebc4ba9f972257157fda2fb3e10f14ccc47916,2025-06-10T15:13:12-07:00,recast,Delete experiments directory,False,0,,,,
HeyPuter/puter,8d6ed96fc78596c6e200089c105b381193bbd721,af84f60f7b7faa115c9406d907d9702ce872e25d,2025-06-10T15:08:44-07:00,buffer,Delete src/git directory,False,0,,,,
HeyPuter/puter,8d6ed96fc78596c6e200089c105b381193bbd721,af84f60f7b7faa115c9406d907d9702ce872e25d,2025-06-10T15:08:44-07:00,chalk,Delete src/git directory,False,0,,,,
HeyPuter/puter,8d6ed96fc78596c6e200089c105b381193bbd721,af84f60f7b7faa115c9406d907d9702ce872e25d,2025-06-10T15:08:44-07:00,diff,Delete src/git directory,False,0,,,,
HeyPuter/puter,8d6ed96fc78596c6e200089c105b381193bbd721,af84f60f7b7faa115c9406d907d9702ce872e25d,2025-06-10T15:08:44-07:00,isomorphic-git,Delete src/git directory,False,0,,,,
HeyPuter/puter,cf24c3dd2a030e133ec7028e13c373a1431f0373,3361043b9d507b7944e8c95ba87214c5489f439f,2024-08-29T22:21:07-04:00,@heyputer/putil,rename,False,0,,,,
HeyPuter/puter,3361043b9d507b7944e8c95ba87214c5489f439f,5f7d1f589a56b3d3ea2026dcbd5f9c48b8dc9e6d,2024-08-29T14:14:35-07:00,@heyputer/puter-js-common,chore: rename putil,False,0,,,,
HeyPuter/puter,2656b47640cbb993b15ff2e99219bd7abab3e3a2,fafbc292ca9a69dfabbeba86c485d37251dedc6c,2024-05-14T16:10:30+01:00,xterm,chore: Update xterm,False,0,,,,
HeyPuter/puter,2656b47640cbb993b15ff2e99219bd7abab3e3a2,fafbc292ca9a69dfabbeba86c485d37251dedc6c,2024-05-14T16:10:30+01:00,xterm-addon-fit,chore: Update xterm,False,0,,,,
HeyPuter/puter,df45e22813d113c57dcd75c65ed0c18db815e716,199b68a964b821a3ab427d80bd94ee12d5e5f6da,2024-04-13T13:56:57-04:00,node-pty,Make node-pty not required,False,0,,,,
HeyPuter/puter,bf4bc214b284e3ae0492899d9d84fc7cf9c88f97,e2236d43fde00384e79be2402ce8ea4b7722d629,2024-04-06T13:03:09+05:30,diskusage,Implementing HostDiskUsageService removing diskusage dependency,False,0,,,,
carbon-app/carbon,96325691ed3ed4d9af0ed1a3355abeb206d6db43,2a7f3148c74d0eae8be70bec5a0f8e7188cca853,2022-02-19T16:59:47-08:00,react-mailchimp-subscribe,remove EmailSubscribe,False,0,12688,12509,1.8718,1.8714
carbon-app/carbon,2a7f3148c74d0eae8be70bec5a0f8e7188cca853,5153350fbe43e146d0b2e7c8bbab7c0639cf61e3,2022-02-19T16:57:19-08:00,use-climate-change-reminder,deps,False,0,12688,12688,1.8718,1.8718
carbon-app/carbon,acaa9c95eeca3eed67a34f2f3a51196baae54df8,4cf8c37701cfe317882873d7959e40fc277646e6,2022-01-24T19:40:07-08:00,dom-to-image,use forked dom-to-image,False,0,12656,12656,1.8731,1.8731
carbon-app/carbon,c76585e8001e67c08100b81a02a2eee51ab32acc,a327b44e0c80897896070fb3d9324013d5db8675,2021-12-14T21:18:49-08:00,micro,remove micro,False,0,12651,12656,1.8731,1.8731
carbon-app/carbon,0e7fc9f9160ac5c6c045eda3dc4bd4842c891f52,325189925d34a430af72fe6bd586fdddf0060f7d,2021-10-16T16:10:48-07:00,next-offline,Try out next-pwa  (#1056),False,0,12725,12729,1.8771,1.8773
carbon-app/carbon,6fe46d721cfa16d866c9e7db23ede14ea900e8a1,d76667e625ff27cadab92cddca2734217a4875fd,2021-04-23T11:44:06-07:00,kind-of,make use of resolution deps,False,0,12218,12218,1.77,1.77
carbon-app/carbon,6fe46d721cfa16d866c9e7db23ede14ea900e8a1,d76667e625ff27cadab92cddca2734217a4875fd,2021-04-23T11:44:06-07:00,lodash,make use of resolution deps,False,0,12218,12218,1.77,1.77
carbon-app/carbon,6fe46d721cfa16d866c9e7db23ede14ea900e8a1,d76667e625ff27cadab92cddca2734217a4875fd,2021-04-23T11:44:06-07:00,serialize-javascript,make use of resolution deps,False,0,12218,12218,1.77,1.77
carbon-app/carbon,91a7e49e992814949fb8a6ede02d5fbedf155152,711210e034c88373474104c9da295db87b897766,2021-03-06T18:13:04-08:00,react-stripe-elements,remove mock stripe (#1191),False,0,12241,12181,1.7763,1.7771
carbon-app/carbon,decf263b79af24f6763972987cf2373567ad376e,a8d4c28b410c82d14771f7005cdef9d44247badd,2021-02-28T20:26:10-08:00,redaxios,revert adding redaxios,False,0,12237,12237,1.7763,1.7763
carbon-app/carbon,52ae305f6471fe82de056fd919139c520a0c3373,0b0442cb04a5a64162c2605a9a2ca792cd137724,2021-02-16T18:14:48-08:00,axios,Switches Axios to Redaxios (#1170),False,0,12237,12237,1.7763,1.7763
carbon-app/carbon,e66d134962525660d31c931cbdce55688bb1be11,473f015ba591353243e42bda8c9986aa9426013e,2021-01-15T17:08:37-08:00,react-syntax-highlight,remove extra deps,False,0,12163,12163,1.7817,1.7817
carbon-app/carbon,e66d134962525660d31c931cbdce55688bb1be11,473f015ba591353243e42bda8c9986aa9426013e,2021-01-15T17:08:37-08:00,yargs-parser,remove extra deps,False,0,12163,12163,1.7817,1.7817
carbon-app/carbon,f2588f91a51864d9cd938e88d3851432db3f0b1d,4741d6adc885bd9bd76cd61b023d98da91d0ab75,2021-01-16T00:14:15+00:00,react-copy-to-clipboard,Upgrade deps (#1160),False,0,12166,12166,1.7817,1.7817
carbon-app/carbon,6a6605a234ee52bfbad4e09ab0ff7d252a93cdbe,377458b2842d795f97377d45d2e74ffd3e1aa0a5,2020-09-13T17:34:42-05:00,acorn,remove explicit acorn dep,False,0,12079,12079,1.7847,1.7847
carbon-app/carbon,377458b2842d795f97377d45d2e74ffd3e1aa0a5,75a56d1f7df10683af17c505a862916e844cb9ce,2020-09-13T17:32:36-05:00,minimist,update dev deps,False,0,12079,12079,1.7847,1.7847
carbon-app/carbon,377458b2842d795f97377d45d2e74ffd3e1aa0a5,75a56d1f7df10683af17c505a862916e844cb9ce,2020-09-13T17:32:36-05:00,react-is,update dev deps,False,0,12079,12079,1.7847,1.7847
carbon-app/carbon,377458b2842d795f97377d45d2e74ffd3e1aa0a5,75a56d1f7df10683af17c505a862916e844cb9ce,2020-09-13T17:32:36-05:00,serialize-javascript,update dev deps,False,0,12079,12079,1.7847,1.7847
carbon-app/carbon,280e359316fb63962efac19e4528c77b4fdcd120,9ca20ca041c67af74a255c3155ae9959eb52d356,2020-06-18T19:48:45-07:00,react-spinner,New spinner (#1023),False,0,11179,11180,1.8752,1.8736
carbon-app/carbon,bb823c04501c10077045eb9d4fb7db3d9bd22c22,4535d5f93755b38c0c214e8b00c72c577b0d45db,2020-03-21T17:15:52-07:00,unist-util-visit,move gatsby-remark-embed-carbon package to new repo,False,0,10940,10918,1.8825,1.884
carbon-app/carbon,bb960977bd59f95c6c74ce91e39fc6d60fcaca1d,69cc845622eddc8e7f633ebdb0b116932552ae30,2020-02-29T23:23:26+00:00,serialize-javascript,Upgrade dependencies (#959),False,0,10867,10867,1.884,1.884
carbon-app/carbon,32d7c177b5a681adfe58b8e120a5b124a528367f,1090356c0556637c4292758ed751933e03112d4d,2019-09-29T00:56:47+00:00,cross-env,Upgrade Deps (#874),False,0,10703,10703,1.8811,1.8811
carbon-app/carbon,e4da412d831f70f6057dcbcb19f2437d5d1207b4,43c00407f3b76ff65c8441aba83636b8e28077c0,2019-09-25T11:02:08-07:00,@dawnlabs/tacklebox,move to use meta and shift symbols to define keyboard listening,False,0,10677,10670,1.8878,1.8834
carbon-app/carbon,e0ed4bebdc82c99cc92b3c6063ce23c4ef8a2527,54fdf2fe46c7818ad13dac01b06109998cf67685,2019-08-18T23:01:42+00:00,url,Merge in 4.0.0 (#850),False,0,8973,9629,1.9434,1.9182
carbon-app/carbon,ecaf48b30c274bac882a35e533bb707f254786aa,61e9951e37891fa4e6b1d62b7b94450e16bb6adb,2019-08-16T11:08:09-07:00,colornames,Bundle size (#844),False,0,8861,8938,1.9501,1.9406
carbon-app/carbon,b7bc227522c1af7f68f4df9fd041efdd04a39159,5ccb1dc4ae4ff4b3826c88623e4c1ae2e46b4f1d,2019-01-25T08:58:33-08:00,resize-observer-polyfill,clean up <Carbon/> - remove resize-observer,False,0,8046,8050,1.8875,1.8875
carbon-app/carbon,7fe3f3415fbba17ce97e09c780309cf9a072053c,a89c3207573c927305ec10f7639c7a4d7bc7988e,2019-01-24T15:39:28-08:00,react-dropzone,Use new version of dropperx,False,0,8080,8061,1.891,1.8875
carbon-app/carbon,c842f34ef89095b6599593bd09eda68cdcae5faf,299f915c9ba75aa75e209ca7b25059cdcc1b9798,2019-01-24T12:07:09-08:00,dropperx,remove react-dnd dependencies + use react-dropzone instead (#648),False,0,8071,8081,1.891,1.891
carbon-app/carbon,c842f34ef89095b6599593bd09eda68cdcae5faf,299f915c9ba75aa75e209ca7b25059cdcc1b9798,2019-01-24T12:07:09-08:00,react-dnd,remove react-dnd dependencies + use react-dropzone instead (#648),False,0,8071,8081,1.891,1.891
carbon-app/carbon,c842f34ef89095b6599593bd09eda68cdcae5faf,299f915c9ba75aa75e209ca7b25059cdcc1b9798,2019-01-24T12:07:09-08:00,react-dnd-html5-backend,remove react-dnd dependencies + use react-dropzone instead (#648),False,0,8071,8081,1.891,1.891
carbon-app/carbon,9d37f9bf999718fa73a7eb340ea0aa4a54d3ee18,64cccc1d90a6f9fd69c18b2bde54ab1d45ae43de,2019-01-09T16:09:34-08:00,react-addons-shallow-compare,"use HOC for popout state, remove react-addons-shallow-compare",False,0,7177,7153,1.9568,1.9565
carbon-app/carbon,f6f0adee6bfb50397925ff8662b8e643eea4aa21,bf761d7d5bf3468244a28903223b7ee0bde52c6f,2018-12-13T13:09:53-08:00,lodash.omit,Add preset feature (#595),False,0,6789,7123,2.0996,1.9923
carbon-app/carbon,d4724343889435cc4e76ac7bb351ea7f27880e99,bc3d5e85a91dea0bba2d8e0469f3af5ec9934acf,2018-12-11T16:50:57-05:00,body-parser,remove,False,0,7087,6789,2.0692,2.0996
carbon-app/carbon,d4724343889435cc4e76ac7bb351ea7f27880e99,bc3d5e85a91dea0bba2d8e0469f3af5ec9934acf,2018-12-11T16:50:57-05:00,compression,remove,False,0,7087,6789,2.0692,2.0996
carbon-app/carbon,d4724343889435cc4e76ac7bb351ea7f27880e99,bc3d5e85a91dea0bba2d8e0469f3af5ec9934acf,2018-12-11T16:50:57-05:00,cors,remove,False,0,7087,6789,2.0692,2.0996
carbon-app/carbon,d4724343889435cc4e76ac7bb351ea7f27880e99,bc3d5e85a91dea0bba2d8e0469f3af5ec9934acf,2018-12-11T16:50:57-05:00,express,remove,False,0,7087,6789,2.0692,2.0996
carbon-app/carbon,d4724343889435cc4e76ac7bb351ea7f27880e99,bc3d5e85a91dea0bba2d8e0469f3af5ec9934acf,2018-12-11T16:50:57-05:00,isomorphic-fetch,remove,False,0,7087,6789,2.0692,2.0996
carbon-app/carbon,d4724343889435cc4e76ac7bb351ea7f27880e99,bc3d5e85a91dea0bba2d8e0469f3af5ec9934acf,2018-12-11T16:50:57-05:00,morgan,remove,False,0,7087,6789,2.0692,2.0996
carbon-app/carbon,d4724343889435cc4e76ac7bb351ea7f27880e99,bc3d5e85a91dea0bba2d8e0469f3af5ec9934acf,2018-12-11T16:50:57-05:00,now-logs,remove,False,0,7087,6789,2.0692,2.0996
carbon-app/carbon,d4724343889435cc4e76ac7bb351ea7f27880e99,bc3d5e85a91dea0bba2d8e0469f3af5ec9934acf,2018-12-11T16:50:57-05:00,puppeteer,remove,False,0,7087,6789,2.0692,2.0996
carbon-app/carbon,d4724343889435cc4e76ac7bb351ea7f27880e99,bc3d5e85a91dea0bba2d8e0469f3af5ec9934acf,2018-12-11T16:50:57-05:00,twit,remove,False,0,7087,6789,2.0692,2.0996
carbon-app/carbon,d4724343889435cc4e76ac7bb351ea7f27880e99,bc3d5e85a91dea0bba2d8e0469f3af5ec9934acf,2018-12-11T16:50:57-05:00,unsplash-js,remove,False,0,7087,6789,2.0692,2.0996
carbon-app/carbon,b1ce565b28b53ae59ededa47db031f5ec41cc278,1067ab3429bb11e2099bc3aec1df5c75732d0cf1,2018-10-01T21:21:59-07:00,prettier,Dependency version bumps (#512),False,0,7215,7215,1.938,1.938
carbon-app/carbon,53e9e38e19a5a4473f797d4eb1f8f322b6ede457,6fc3d2b5e1502e9dab830ffdbbe50ca90a2a9515,2018-08-21T10:14:01-07:00,history,remove \`history\` package,False,0,6818,6818,1.961,1.961
carbon-app/carbon,11c911e6b97b22e235ae0938f9f1d25603dc902c,7f4afc83178e75d5cfb7c759b897b71f6ef04708,2018-06-04T12:18:24-05:00,cross-env,React DnD Dependency upgrades (#387),False,0,6519,6519,1.9441,1.9441
carbon-app/carbon,11c911e6b97b22e235ae0938f9f1d25603dc902c,7f4afc83178e75d5cfb7c759b897b71f6ef04708,2018-06-04T12:18:24-05:00,form-data,React DnD Dependency upgrades (#387),False,0,6519,6519,1.9441,1.9441
carbon-app/carbon,11c911e6b97b22e235ae0938f9f1d25603dc902c,7f4afc83178e75d5cfb7c759b897b71f6ef04708,2018-06-04T12:18:24-05:00,prop-types,React DnD Dependency upgrades (#387),False,0,6519,6519,1.9441,1.9441
carbon-app/carbon,11c911e6b97b22e235ae0938f9f1d25603dc902c,7f4afc83178e75d5cfb7c759b897b71f6ef04708,2018-06-04T12:18:24-05:00,react-spinkit,React DnD Dependency upgrades (#387),False,0,6519,6519,1.9441,1.9441
carbon-app/carbon,d885b63b3aa24bb0944b6f9a58205a0011a13231,3e2624727bf0fe1507d732fa92171429a6a7adce,2018-05-28T14:36:38-07:00,twitter,add alt text support for Twitter images (#372),False,0,6497,6517,1.9406,1.941
carbon-app/carbon,3bbb98a3a24903c4bcd37e5c0d4406cafae973bf,0a59db56c87dc3c8cb89fc61450c45a0172427bd,2018-04-25T18:25:07-07:00,unstated,"Revert ""Refactor state components (#338)"" (#348)",False,0,6540,6449,1.9348,1.9375
carbon-app/carbon,0a59db56c87dc3c8cb89fc61450c45a0172427bd,f44f944d3a3a058e98a8e3eadcaf9a013417b4a3,2018-04-24T21:35:13-07:00,cross-env,Refactor state components (#338),False,0,6449,6540,1.9375,1.9348
carbon-app/carbon,0a59db56c87dc3c8cb89fc61450c45a0172427bd,f44f944d3a3a058e98a8e3eadcaf9a013417b4a3,2018-04-24T21:35:13-07:00,form-data,Refactor state components (#338),False,0,6449,6540,1.9375,1.9348
carbon-app/carbon,0a59db56c87dc3c8cb89fc61450c45a0172427bd,f44f944d3a3a058e98a8e3eadcaf9a013417b4a3,2018-04-24T21:35:13-07:00,react-spinkit,Refactor state components (#338),False,0,6449,6540,1.9375,1.9348
carbon-app/carbon,bdc9211d25196dba9a00244ff23fed7d7b44ed73,b4e5459432ef732ffc3e81f11636818315eec390,2017-10-25T20:53:06-07:00,react-codemirror,"Fix state bugs, fix drag-n-drop bugs, fix url encoding bugs (#126)",False,0,3178,3178,2.375,2.3711
carbon-app/carbon,63f43dcc402e78ba57219ecc843761463dce191f,3abcefb807b9e06f1403dbeec401392030863704,2017-10-23T18:29:54-07:00,react-codemirror2,Save and update query params based on editor state (#111),False,0,3115,3172,2.3956,2.3299
carbon-app/carbon,598ca88b9810d9abbd629fa40fca5beee6f38d29,bcb17ec421857ce0f90b0393408239d11319f324,2017-09-30T15:00:08-07:00,react-codemirror,React-codemirror -> react-codemirror2,False,0,2946,2952,2.4643,2.4706
carbon-app/carbon,05a19ca0e8fbf2cda762f969355f30571c5eeee9,26ea4615f7802ffa89e1e957ff9e166dc6093167,2017-09-27T00:43:42-07:00,uglifyjs-webpack-plugin,Add repository info to package.json,False,0,2305,2305,2.4337,2.4337
koajs/koa,0acad8ff37f3c008cace954d693ed30b75f146ee,2f6e8147dbd69039504dd0df28bb2d07fdf2d90e,2025-06-06T13:11:57+01:00,cache-content-type,feat: replace cache-content-type with mime-types directly (#1886),False,0,,,,
koajs/koa,2f6e8147dbd69039504dd0df28bb2d07fdf2d90e,8620ced5887d58eda1bdb18936dd693e64ebec0b,2025-06-05T22:32:10+01:00,debug,feat: replace debug module with pure node:util::debuglog (#1885),False,0,,,,
koajs/koa,757e4ebc5146784ebd00664545c6d37231610a61,b89e19a27509c96d27af722f9951e0d72cb41eb5,2024-06-20T12:26:12+08:00,only,"deps: make ""only"" package inside (#1824)",False,0,,,,
koajs/koa,b747e16d75554203a28e55d87296e81f68b992f5,e9494b5b3e040e4427710649f28b6cfa3b3ae845,2021-08-17T21:37:31-07:00,depd,breaking: remove koa-convert,False,0,,,,
koajs/koa,b747e16d75554203a28e55d87296e81f68b992f5,e9494b5b3e040e4427710649f28b6cfa3b3ae845,2021-08-17T21:37:31-07:00,is-generator-function,breaking: remove koa-convert,False,0,,,,
koajs/koa,b747e16d75554203a28e55d87296e81f68b992f5,e9494b5b3e040e4427710649f28b6cfa3b3ae845,2021-08-17T21:37:31-07:00,koa-convert,breaking: remove koa-convert,False,0,,,,
koajs/koa,faeaff5c149a81a188ab8e5af0b994029e45acbb,f7c732fd06f724505e9090add4d977e667da55a8,2020-05-16T16:40:34+08:00,error-inject,fox: remove `error-inject` and fix error handling (#1409),False,0,,,,
koajs/koa,be7d334778481639294cdf87f5c359a230aeb65b,f155785e2bb42b5ddf0a8156401c6dafdf57ba8b,2019-10-15T23:41:11+08:00,koa-is-json,chore: removes code duplication at handling HEAD method (#1400),False,0,,,,
koajs/koa,d1d65dd29d7bbaf9ea42eaa5fcb0da3fb4df98e9,2c86b10feafd868ebd071dda3a222e6f51972b5d,2019-08-10T23:40:27+08:00,egg-bin,"chore(deps): install egg-bin, mm as devDeps not deps (#1366)",False,0,,,,
koajs/koa,d1d65dd29d7bbaf9ea42eaa5fcb0da3fb4df98e9,2c86b10feafd868ebd071dda3a222e6f51972b5d,2019-08-10T23:40:27+08:00,mm,"chore(deps): install egg-bin, mm as devDeps not deps (#1366)",False,0,,,,
koajs/koa,c6b8782553e916ee582081263486c58458318537,162a5b3e78bf0838cee67119804f066d6e38bf02,2018-07-11T17:49:25+08:00,mime-types,perf: cache content type's result (#1218),False,0,,,,
koajs/koa,51b51331ba08b3cb58bbc88c37b82fcf17de2766,a6547bcbceed91af78a95ab8b11dd31f21566b4e,2015-11-06T09:37:35-08:00,babel-core,us eslint-plugin-babel for better listing,False,0,,,,
koajs/koa,51b51331ba08b3cb58bbc88c37b82fcf17de2766,a6547bcbceed91af78a95ab8b11dd31f21566b4e,2015-11-06T09:37:35-08:00,babel-preset-stage-3,us eslint-plugin-babel for better listing,False,0,,,,
koajs/koa,ebb4850709682551ce4ad6fc5fa90e7c0ec50939,ded7a171403f2b401988f30094c82e13300f0cf4,2015-10-27T16:24:25-07:00,co,Remove co dependency,False,0,,,,
koajs/koa,2e8cdab8bc5c4b59d53aea407635c9a11a6cba69,16db0f60c495653cedb3825d2f39410d60739f82,2015-10-22T16:34:59-07:00,composition,support async functions,False,0,,,,
koajs/koa,04e60b374cdb40d7951eb5e5bf040795e8c01839,b7212736828828474788edb49fa29a85d622bc12,2015-03-01T10:34:21-08:00,babel,move babel to dev deps,False,0,,,,
koajs/koa,9dd99f5da20dc14474440b12dd48867f7d3532f5,089bc45e90d7f9f62450b73c3c71bedb72c894ba,2015-02-07T21:24:04-05:00,media-typer,"Parse Content-Type with ""content-type"" instead of ""media-typer""",False,0,,,,
koajs/koa,9455726c00b2077036c1b3f02dbd67376c41b909,920909c5464376e7713931634b52d90ea149f7cc,2014-08-16T02:58:06-07:00,finished,finished -> on-finished,False,0,4490,4481,1.3311,1.3322
koajs/koa,920909c5464376e7713931634b52d90ea149f7cc,933d3e90da55361853b798287a7d3d00a1ea8f49,2014-08-14T23:34:25-07:00,dethroy,dethroy -> destroy,False,0,4490,4490,1.3311,1.3311
koajs/koa,008f0554c609401ff2ec83005fff4e7160e50324,c7f2d24851da406e42919a7c596d169d35dd90bb,2014-06-03T21:44:25-07:00,set-type,set-type -> mime-types,False,0,3980,3980,1.3676,1.3676
koajs/koa,5e3d7f0aa07315e0a3d8e8529ecb835503c0a302,952dca336d9a495d0ce72b0c099b8de6ede052ed,2014-04-28T20:13:31-07:00,mime,remove mime dependency,False,0,3915,3915,1.3545,1.3545
koajs/koa,163e59c0d590dd7d26b0f506cab210445206de27,0cacc5706af8503602c3e5b2e4afb0c6db75a400,2014-04-27T01:53:07-07:00,mime-extended,refactor to use set-type,False,0,3915,3915,1.3545,1.3545
koajs/koa,c5655e093a974d01058736d9ee448d9fd551a7d2,5cdae4445a20566992399ccd7a88cf87a4a5da7b,2014-01-31T13:52:27-08:00,keygrip,bump cookies to 0.4.0,False,0,3563,3562,1.3834,1.3857
koajs/koa,ea1a631bb1a8c20571713f9ebef1213c148602d3,794f08faaae02e45d1443b4b1d3879851bd32dce,2014-01-16T22:33:02-08:00,on-socket-error,bump finished and mocha,False,0,3489,3489,1.3867,1.3867
koajs/koa,7fe4133b4af158daf51d1eddf5ba91b621a44847,3891e1787b44ae6f733123dd336375309c92b93e,2013-12-27T18:56:02-08:00,negotiator,refactor: move content negotiation to accepts,False,0,4348,4317,1.459,1.4271
koajs/koa,9e699228593730591898705089277c766a527921,41f6108bba426f996198c5f9cd57bf41d6a490e5,2013-08-27T14:49:11-07:00,qs,"replace ""qs"" with native ""querystring"" for now",False,0,2539,2539,1.4182,1.4182
alvarotrigo/fullPage.js,6f893101b1d244f2e25fdadea0e42fa5b9f9552e,d68bc3004240d0d0d85b7d180a74225ea6b21126,2018-10-10T00:44:59+02:00,jquery,- Improved: removed jQuery dependency in package.json,False,0,19281,19281,2.8959,2.8959
alvarotrigo/fullPage.js,2fceec53474ace45ab53056ab079c337f7fd9009,bd1bc752c4520508f6be646b6889b0c34a30d17f,2018-07-26T13:01:12+02:00,browserify,- Removing browserify & web pack examples,False,0,26055,15099,3.3286,2.8419
alvarotrigo/fullPage.js,2fceec53474ace45ab53056ab079c337f7fd9009,bd1bc752c4520508f6be646b6889b0c34a30d17f,2018-07-26T13:01:12+02:00,jquery,- Removing browserify & web pack examples,False,0,26055,15099,3.3286,2.8419
alvarotrigo/fullPage.js,2fceec53474ace45ab53056ab079c337f7fd9009,bd1bc752c4520508f6be646b6889b0c34a30d17f,2018-07-26T13:01:12+02:00,fullpage.js,- Removing browserify & web pack examples,False,0,26055,15099,3.3286,2.8419
alvarotrigo/fullPage.js,58bed77a3964c8cb955e1b3f3fc0e3e19af7d3f8,27f4f8ec22435ce01e73de7ee75395b5d42e9698,2018-06-21T19:25:52+02:00,jquery,"- Updating gulp, package and bower files",False,0,13940,13943,2.9304,2.9304
alvarotrigo/fullPage.js,97788da7bb20a4a4e68f2307b3e33d8ae9e452c8,b3e3e3e53e5c4673b36747efb17120c2e2a876d7,2016-12-19T17:12:55+00:00,jquery,- Updated version and dist files,False,0,8936,8937,3.3136,3.3151
jondot/awesome-react-native,b3bd04920d12c2c7a59caa212a75e3f7d3caf749,7aa428daddc10798b3040bcd118f7a64e8d79d02,2018-11-03T18:53:35+02:00,doctoc,move to celeste for repo maintenance,False,0,,16,,
jondot/awesome-react-native,b3bd04920d12c2c7a59caa212a75e3f7d3caf749,7aa428daddc10798b3040bcd118f7a64e8d79d02,2018-11-03T18:53:35+02:00,remark,move to celeste for repo maintenance,False,0,,16,,
jondot/awesome-react-native,b3bd04920d12c2c7a59caa212a75e3f7d3caf749,7aa428daddc10798b3040bcd118f7a64e8d79d02,2018-11-03T18:53:35+02:00,remark-cli,move to celeste for repo maintenance,False,0,,16,,
jondot/awesome-react-native,b3bd04920d12c2c7a59caa212a75e3f7d3caf749,7aa428daddc10798b3040bcd118f7a64e8d79d02,2018-11-03T18:53:35+02:00,remark-parse,move to celeste for repo maintenance,False,0,,16,,
jondot/awesome-react-native,b3bd04920d12c2c7a59caa212a75e3f7d3caf749,7aa428daddc10798b3040bcd118f7a64e8d79d02,2018-11-03T18:53:35+02:00,remark-preset-lint-recommended,move to celeste for repo maintenance,False,0,,16,,
jondot/awesome-react-native,b3bd04920d12c2c7a59caa212a75e3f7d3caf749,7aa428daddc10798b3040bcd118f7a64e8d79d02,2018-11-03T18:53:35+02:00,remark-stringify,move to celeste for repo maintenance,False,0,,16,,
jondot/awesome-react-native,b3bd04920d12c2c7a59caa212a75e3f7d3caf749,7aa428daddc10798b3040bcd118f7a64e8d79d02,2018-11-03T18:53:35+02:00,remark-toc,move to celeste for repo maintenance,False,0,,16,,
jondot/awesome-react-native,b3bd04920d12c2c7a59caa212a75e3f7d3caf749,7aa428daddc10798b3040bcd118f7a64e8d79d02,2018-11-03T18:53:35+02:00,unified,move to celeste for repo maintenance,False,0,,16,,
jondot/awesome-react-native,b3bd04920d12c2c7a59caa212a75e3f7d3caf749,7aa428daddc10798b3040bcd118f7a64e8d79d02,2018-11-03T18:53:35+02:00,unified-stream,move to celeste for repo maintenance,False,0,,16,,
sahat/hackathon-starter,3403a88d7f30793dc209bd916df89a2ef7f231ad,2d07f4f400cfb03f23211c344f5414a14e309112,2025-10-21T12:40:50-07:00,express-flash,fix: replace express-flash with our own middleware (#1461),False,0,8807,8983,2.7865,2.7578
sahat/hackathon-starter,baf56493f53b6ad80c302d4d39d11fe31aa8263a,b7ba5203b58fe1a9a978ef53d6455d79e026cc29,2025-10-13T23:29:48-07:00,@naandalist/patch-package,chore: upgrade patch-package,False,0,8305,8305,2.8281,2.8281
sahat/hackathon-starter,c59e9f048a8c7f3cf7667acc8911506d35a0862f,7b9c178a05be72f88295c64bdc11423f9b481645,2025-04-20T15:22:15-07:00,lodash,chore: remove lodash dependency (#1349),False,0,5324,5329,2.5893,2.5931
sahat/hackathon-starter,583fefdc18fb403ba58732b853f9006678fcd3ea,a2aa276b2772b489b695a16c8803c49af3eeb3ec,2025-04-11T15:04:55-07:00,axios,Migrate from axios to Nodejs's builtin fetch,False,0,3844,3950,2.2517,2.424
sahat/hackathon-starter,48963dc95a339d515945628ba477224b29aa61be,ca1fee84208240ea69e6264eb4af8578e82cba9d,2025-04-02T23:07:51-07:00,body-parser,Express 5 upgrade; update dependencies,False,0,3293,3293,2.3387,2.3508
sahat/hackathon-starter,e42d0f59dbfdb639aca6c9915c0a69f7c25e7eee,ed7f82d8f80426ab7eb267fb15601668bec993a8,2025-02-01T09:44:18-08:00,@ladjs/bootstrap-social,"Security and integration enhancements, dependency upgrades, bug fixes",False,0,2705,2936,2.1966,2.3429
sahat/hackathon-starter,e42d0f59dbfdb639aca6c9915c0a69f7c25e7eee,ed7f82d8f80426ab7eb267fb15601668bec993a8,2025-02-01T09:44:18-08:00,passport-linkedin-oauth2,"Security and integration enhancements, dependency upgrades, bug fixes",False,0,2705,2936,2.1966,2.3429
sahat/hackathon-starter,e42d0f59dbfdb639aca6c9915c0a69f7c25e7eee,ed7f82d8f80426ab7eb267fb15601668bec993a8,2025-02-01T09:44:18-08:00,passport-snapchat,"Security and integration enhancements, dependency upgrades, bug fixes",False,0,2705,2936,2.1966,2.3429
sahat/hackathon-starter,e42d0f59dbfdb639aca6c9915c0a69f7c25e7eee,ed7f82d8f80426ab7eb267fb15601668bec993a8,2025-02-01T09:44:18-08:00,patch-package,"Security and integration enhancements, dependency upgrades, bug fixes",False,0,2705,2936,2.1966,2.3429
sahat/hackathon-starter,e42d0f59dbfdb639aca6c9915c0a69f7c25e7eee,ed7f82d8f80426ab7eb267fb15601668bec993a8,2025-02-01T09:44:18-08:00,paypal-rest-sdk,"Security and integration enhancements, dependency upgrades, bug fixes",False,0,2705,2936,2.1966,2.3429
sahat/hackathon-starter,1e08c8b8a0010a1487a01a51bd6a677a9f10ff02,68dc9192ef83a281056600d65157d5daeb136188,2023-07-28T08:26:43-07:00,chalk,Update dependencies & remove chalk (unused),False,0,2705,2705,2.1966,2.1966
sahat/hackathon-starter,68dc9192ef83a281056600d65157d5daeb136188,3fbec293a8cfa3124cba921e53b360e649c26459,2023-07-28T06:21:54-07:00,instagram-node,Removing Instagram support,False,0,2781,2705,2.2143,2.1966
sahat/hackathon-starter,68dc9192ef83a281056600d65157d5daeb136188,3fbec293a8cfa3124cba921e53b360e649c26459,2023-07-28T06:21:54-07:00,passport-instagram,Removing Instagram support,False,0,2781,2705,2.2143,2.1966
sahat/hackathon-starter,9774ebd86195a6eb002c8761a68c904eaaa335d1,5d56b81f6f388d99aca90ce4c641f1c44f42fb8a,2023-07-25T16:22:06-07:00,express-handlebars,Updated dependencies and changelog,False,0,2771,2771,2.1975,2.1975
sahat/hackathon-starter,b2a5a7dc630afdb14aadc33c81551d8d5765a4e3,daca13539a510ba89e2cd110f75f3dddc99a4f6f,2023-07-20T11:15:00-07:00,tumblr.js,Remove dependency on tumblr.js,False,0,2800,2803,1.9744,1.9712
sahat/hackathon-starter,daca13539a510ba89e2cd110f75f3dddc99a4f6f,ac7341f0e142733cee908c6f2e4c17a8ea54b157,2023-07-19T22:42:29-07:00,node-sass,Migrate from deprecated node-sass to Dart Sass,False,0,2804,2800,1.9744,1.9744
sahat/hackathon-starter,daca13539a510ba89e2cd110f75f3dddc99a4f6f,ac7341f0e142733cee908c6f2e4c17a8ea54b157,2023-07-19T22:42:29-07:00,node-sass-middleware,Migrate from deprecated node-sass to Dart Sass,False,0,2804,2800,1.9744,1.9744
sahat/hackathon-starter,ac7341f0e142733cee908c6f2e4c17a8ea54b157,d3c3f0bf422bc9cf9a1044581e6ca898e4008013,2023-07-19T13:24:20-07:00,lob,Migrate from lob to @lob/lob-typescript-sdk,False,0,2802,2804,1.9623,1.9744
sahat/hackathon-starter,d3c3f0bf422bc9cf9a1044581e6ca898e4008013,ce6875cef21c24a4ca8516aff8d1c304f71cd789,2023-07-19T10:05:07-07:00,node-quickbooks,Migrate off node-quickbooks,False,0,2784,2802,1.9591,1.9623
sahat/hackathon-starter,b734b033626cbe5e0800a017c55af98df6e0fb53,e26bebe6b3f548f4112b5851343d99efb4d53980,2023-07-18T05:22:54-07:00,passport-twitter,"Remove dependency on passport-twitter, remove twitter-lite and twitter example",False,0,2843,2784,1.9596,1.9591
sahat/hackathon-starter,b734b033626cbe5e0800a017c55af98df6e0fb53,e26bebe6b3f548f4112b5851343d99efb4d53980,2023-07-18T05:22:54-07:00,twitter-lite,"Remove dependency on passport-twitter, remove twitter-lite and twitter example",False,0,2843,2784,1.9596,1.9591
sahat/hackathon-starter,f02e012991cc3487476c4b2d0566ce77a05b1071,68155ef54a0d5863e69b775f12e9b88d6f98bd33,2023-07-17T17:34:56-07:00,passport-twitch-new,Migrate from passport-twitch-new to twitch-passport,False,0,2843,2843,1.9596,1.9596
sahat/hackathon-starter,68155ef54a0d5863e69b775f12e9b88d6f98bd33,0c8048a02c363b971a73be9a616fc08e5e696f04,2023-07-17T16:50:26-07:00,googleapis,Migrate from googleapis npm package to @googleapis/drive and sheets,False,0,2843,2843,1.9596,1.9596
sahat/hackathon-starter,0c8048a02c363b971a73be9a616fc08e5e696f04,67e314595ba5f0c13aeb1f286a55894822e45d16,2023-07-16T05:57:54-07:00,nodemailer-sendgrid,"Remove dependency on nodemailer-sendgrid - Removed dependency on nodemailer-sendgrid. The module is not actively maintained with a vulnerable dependencies.  See https://github.com/sahat/hackathon-starter/issues/1231 .  It is also vendor specific.  This change will move the implementation to use SMTP end-points, which SendGrid provides one as well.  Existing users can use their SendGrid API key as the SMTP password.  Devs can also use other SMTP endpoints such as AWS SES instead of SendGrid by just changing their env values. - Changing the hardcoded from email address to an env variable.",False,0,2852,2843,1.9658,1.9596
sahat/hackathon-starter,638e9813a735e5007dadbcdd54c1fc34d171c962,df2a27dd485c2f6b5e71e98d6cff3920f358b960,2023-07-14T06:27:52-07:00,passport-openid,Migrate off passport-openid,False,0,2855,2853,1.9658,1.9658
sahat/hackathon-starter,a7e02193ac9d6552ea20394f0a3a072262628c5f,e897329f9765618a5c89355cd0caac37cf616866,2023-07-13T08:02:06-07:00,popper.js,Upgrade to popper 2 as v1 has been deprecated,False,0,2853,2853,1.9657,1.9657
sahat/hackathon-starter,d647a074479ad0a64ef7d7d015ac383101639458,53e1ead2b52af28b385ee5ae2b144bca0fd80732,2021-03-28T23:42:08+08:00,bcrypt,Use faster bcrypt implementation,False,0,2843,2843,1.9595,1.9686
sahat/hackathon-starter,d528b3ba9e00c1fd86d0088f8e93dbace5f65c04,afd298e3cf08c0f783fe028a320c6f285a697f61,2021-01-14T06:31:15-08:00,express-status-monitor,Removing Express Status Monitor,False,0,2845,2843,1.9595,1.9595
sahat/hackathon-starter,468d51a8ad98cb05204bdb4901f576fa74b64ac7,a85c6088238d1b06a2d42036f92aca0e4321b88c,2020-10-12T10:23:32-07:00,fbgraph,migration: migrated from fb grap to direct fb graph api (#1094),False,0,2868,2870,1.9568,1.9538
sahat/hackathon-starter,a58a59755a947bbac6ea2faa7add0a89ba468fca,a063a3529c7cfec66ae371add8ce1102f9820ee4,2020-10-12T05:39:58-07:00,twit,Migrate from twit to twitter-lite (#1086),False,0,2865,2868,1.9538,1.9568
sahat/hackathon-starter,fb13587123970889c2b4a53486c8c8d1dd431813,df0ceb0c727ff7a23b52b71015b88266aba96e46,2020-09-18T09:14:27-07:00,clockwork,Remove ClockworkSMS API Example,False,0,2884,2846,1.9392,1.9506
sahat/hackathon-starter,00189b44ebda286d8c1d5611549379fb8af7312c,b677173cbe2f3d6d9a4fae36c82ee29ab71d09fe,2020-02-26T14:46:56-08:00,sinon,Fix sinon being listed as dependency instead of dev dep,False,0,2768,2768,1.9357,1.9357
sahat/hackathon-starter,68b7424629fead05e9f28f6d8bc5d03e67175de9,ee3c8f8045608710242f6b9d42bc286145574b48,2020-02-26T11:41:46-08:00,request,Update dependencies and remove deprecated requestjs,False,0,2765,2765,1.9325,1.9325
sahat/hackathon-starter,af3dafd960402fd93ff0cb2f44885e6d495c1a6b,7cd0e878f26e07dfe88885ce99297940efdcc6fa,2020-02-07T19:07:50-08:00,passport-github,Update dependencies,False,0,2765,2765,1.9325,1.9325
sahat/hackathon-starter,8f79ae169153b414d418756e725579815d9f589e,220293d83f87647404c0b7fc983f461a318c105a,2019-06-27T13:47:18-07:00,express-validator,Remove express-validator in favor of validator.js,False,0,2447,2440,1.8387,1.8889
sahat/hackathon-starter,62ca9d7537b6b02d2b7ca619fed623f8fc276307,163413ff5143c7b68c8c2419aadf5e9eb88d5de7,2019-06-27T08:01:04-07:00,node-linkedin,"Upgrade to login by LinkedIn v2, remove LinkedIn API example",False,0,2468,2447,1.8369,1.8387
sahat/hackathon-starter,454da6261ea8fb14427f183f9c01ab8c6a3c972d,bd6cdfd98fd984e2bc5765ac1429afe594cd3984,2019-03-23T17:35:48-07:00,bcrypt-nodejs,Migrate from bcrypt-nodejs to bcrypt,False,0,2393,2393,1.8523,1.8523
sahat/hackathon-starter,7ba24a7a4527b2de83e2b38d220efec9e82ade40,2c6b766d283349c9bf49fe710fefc808576b8e81,2019-03-07T19:00:13-05:00,@fortawesome/fontawesome-free,add yashar to the contributors list,False,0,2405,2405,1.8496,1.8496
sahat/hackathon-starter,7ba24a7a4527b2de83e2b38d220efec9e82ade40,2c6b766d283349c9bf49fe710fefc808576b8e81,2019-03-07T19:00:13-05:00,@ladjs/bootstrap-social,add yashar to the contributors list,False,0,2405,2405,1.8496,1.8496
sahat/hackathon-starter,7ba24a7a4527b2de83e2b38d220efec9e82ade40,2c6b766d283349c9bf49fe710fefc808576b8e81,2019-03-07T19:00:13-05:00,@octokit/rest,add yashar to the contributors list,False,0,2405,2405,1.8496,1.8496
sahat/hackathon-starter,7ba24a7a4527b2de83e2b38d220efec9e82ade40,2c6b766d283349c9bf49fe710fefc808576b8e81,2019-03-07T19:00:13-05:00,axios,add yashar to the contributors list,False,0,2405,2405,1.8496,1.8496
sahat/hackathon-starter,7ba24a7a4527b2de83e2b38d220efec9e82ade40,2c6b766d283349c9bf49fe710fefc808576b8e81,2019-03-07T19:00:13-05:00,bcrypt-nodejs,add yashar to the contributors list,False,0,2405,2405,1.8496,1.8496
sahat/hackathon-starter,7ba24a7a4527b2de83e2b38d220efec9e82ade40,2c6b766d283349c9bf49fe710fefc808576b8e81,2019-03-07T19:00:13-05:00,body-parser,add yashar to the contributors list,False,0,2405,2405,1.8496,1.8496
sahat/hackathon-starter,7ba24a7a4527b2de83e2b38d220efec9e82ade40,2c6b766d283349c9bf49fe710fefc808576b8e81,2019-03-07T19:00:13-05:00,bootstrap,add yashar to the contributors list,False,0,2405,2405,1.8496,1.8496
sahat/hackathon-starter,7ba24a7a4527b2de83e2b38d220efec9e82ade40,2c6b766d283349c9bf49fe710fefc808576b8e81,2019-03-07T19:00:13-05:00,chalk,add yashar to the contributors list,False,0,2405,2405,1.8496,1.8496
sahat/hackathon-starter,7ba24a7a4527b2de83e2b38d220efec9e82ade40,2c6b766d283349c9bf49fe710fefc808576b8e81,2019-03-07T19:00:13-05:00,chart.js,add yashar to the contributors list,False,0,2405,2405,1.8496,1.8496
sahat/hackathon-starter,7ba24a7a4527b2de83e2b38d220efec9e82ade40,2c6b766d283349c9bf49fe710fefc808576b8e81,2019-03-07T19:00:13-05:00,cheerio,add yashar to the contributors list,False,0,2405,2405,1.8496,1.8496
sahat/hackathon-starter,7ba24a7a4527b2de83e2b38d220efec9e82ade40,2c6b766d283349c9bf49fe710fefc808576b8e81,2019-03-07T19:00:13-05:00,clockwork,add yashar to the contributors list,False,0,2405,2405,1.8496,1.8496
sahat/hackathon-starter,7ba24a7a4527b2de83e2b38d220efec9e82ade40,2c6b766d283349c9bf49fe710fefc808576b8e81,2019-03-07T19:00:13-05:00,compression,add yashar to the contributors list,False,0,2405,2405,1.8496,1.8496
sahat/hackathon-starter,7ba24a7a4527b2de83e2b38d220efec9e82ade40,2c6b766d283349c9bf49fe710fefc808576b8e81,2019-03-07T19:00:13-05:00,connect-mongo,add yashar to the contributors list,False,0,2405,2405,1.8496,1.8496
sahat/hackathon-starter,7ba24a7a4527b2de83e2b38d220efec9e82ade40,2c6b766d283349c9bf49fe710fefc808576b8e81,2019-03-07T19:00:13-05:00,dotenv,add yashar to the contributors list,False,0,2405,2405,1.8496,1.8496
sahat/hackathon-starter,7ba24a7a4527b2de83e2b38d220efec9e82ade40,2c6b766d283349c9bf49fe710fefc808576b8e81,2019-03-07T19:00:13-05:00,errorhandler,add yashar to the contributors list,False,0,2405,2405,1.8496,1.8496
sahat/hackathon-starter,7ba24a7a4527b2de83e2b38d220efec9e82ade40,2c6b766d283349c9bf49fe710fefc808576b8e81,2019-03-07T19:00:13-05:00,express,add yashar to the contributors list,False,0,2405,2405,1.8496,1.8496
sahat/hackathon-starter,7ba24a7a4527b2de83e2b38d220efec9e82ade40,2c6b766d283349c9bf49fe710fefc808576b8e81,2019-03-07T19:00:13-05:00,express-flash,add yashar to the contributors list,False,0,2405,2405,1.8496,1.8496
sahat/hackathon-starter,7ba24a7a4527b2de83e2b38d220efec9e82ade40,2c6b766d283349c9bf49fe710fefc808576b8e81,2019-03-07T19:00:13-05:00,express-handlebars,add yashar to the contributors list,False,0,2405,2405,1.8496,1.8496
sahat/hackathon-starter,7ba24a7a4527b2de83e2b38d220efec9e82ade40,2c6b766d283349c9bf49fe710fefc808576b8e81,2019-03-07T19:00:13-05:00,express-session,add yashar to the contributors list,False,0,2405,2405,1.8496,1.8496
sahat/hackathon-starter,7ba24a7a4527b2de83e2b38d220efec9e82ade40,2c6b766d283349c9bf49fe710fefc808576b8e81,2019-03-07T19:00:13-05:00,express-status-monitor,add yashar to the contributors list,False,0,2405,2405,1.8496,1.8496
sahat/hackathon-starter,7ba24a7a4527b2de83e2b38d220efec9e82ade40,2c6b766d283349c9bf49fe710fefc808576b8e81,2019-03-07T19:00:13-05:00,express-validator,add yashar to the contributors list,False,0,2405,2405,1.8496,1.8496
sahat/hackathon-starter,7ba24a7a4527b2de83e2b38d220efec9e82ade40,2c6b766d283349c9bf49fe710fefc808576b8e81,2019-03-07T19:00:13-05:00,fbgraph,add yashar to the contributors list,False,0,2405,2405,1.8496,1.8496
sahat/hackathon-starter,7ba24a7a4527b2de83e2b38d220efec9e82ade40,2c6b766d283349c9bf49fe710fefc808576b8e81,2019-03-07T19:00:13-05:00,instagram-node,add yashar to the contributors list,False,0,2405,2405,1.8496,1.8496
sahat/hackathon-starter,7ba24a7a4527b2de83e2b38d220efec9e82ade40,2c6b766d283349c9bf49fe710fefc808576b8e81,2019-03-07T19:00:13-05:00,jquery,add yashar to the contributors list,False,0,2405,2405,1.8496,1.8496
sahat/hackathon-starter,7ba24a7a4527b2de83e2b38d220efec9e82ade40,2c6b766d283349c9bf49fe710fefc808576b8e81,2019-03-07T19:00:13-05:00,lastfm,add yashar to the contributors list,False,0,2405,2405,1.8496,1.8496
sahat/hackathon-starter,7ba24a7a4527b2de83e2b38d220efec9e82ade40,2c6b766d283349c9bf49fe710fefc808576b8e81,2019-03-07T19:00:13-05:00,lob,add yashar to the contributors list,False,0,2405,2405,1.8496,1.8496
sahat/hackathon-starter,7ba24a7a4527b2de83e2b38d220efec9e82ade40,2c6b766d283349c9bf49fe710fefc808576b8e81,2019-03-07T19:00:13-05:00,lodash,add yashar to the contributors list,False,0,2405,2405,1.8496,1.8496
sahat/hackathon-starter,7ba24a7a4527b2de83e2b38d220efec9e82ade40,2c6b766d283349c9bf49fe710fefc808576b8e81,2019-03-07T19:00:13-05:00,lusca,add yashar to the contributors list,False,0,2405,2405,1.8496,1.8496
sahat/hackathon-starter,7ba24a7a4527b2de83e2b38d220efec9e82ade40,2c6b766d283349c9bf49fe710fefc808576b8e81,2019-03-07T19:00:13-05:00,mongoose,add yashar to the contributors list,False,0,2405,2405,1.8496,1.8496
sahat/hackathon-starter,7ba24a7a4527b2de83e2b38d220efec9e82ade40,2c6b766d283349c9bf49fe710fefc808576b8e81,2019-03-07T19:00:13-05:00,morgan,add yashar to the contributors list,False,0,2405,2405,1.8496,1.8496
sahat/hackathon-starter,7ba24a7a4527b2de83e2b38d220efec9e82ade40,2c6b766d283349c9bf49fe710fefc808576b8e81,2019-03-07T19:00:13-05:00,multer,add yashar to the contributors list,False,0,2405,2405,1.8496,1.8496
sahat/hackathon-starter,7ba24a7a4527b2de83e2b38d220efec9e82ade40,2c6b766d283349c9bf49fe710fefc808576b8e81,2019-03-07T19:00:13-05:00,node-linkedin,add yashar to the contributors list,False,0,2405,2405,1.8496,1.8496
sahat/hackathon-starter,7ba24a7a4527b2de83e2b38d220efec9e82ade40,2c6b766d283349c9bf49fe710fefc808576b8e81,2019-03-07T19:00:13-05:00,node-sass,add yashar to the contributors list,False,0,2405,2405,1.8496,1.8496
sahat/hackathon-starter,7ba24a7a4527b2de83e2b38d220efec9e82ade40,2c6b766d283349c9bf49fe710fefc808576b8e81,2019-03-07T19:00:13-05:00,node-sass-middleware,add yashar to the contributors list,False,0,2405,2405,1.8496,1.8496
sahat/hackathon-starter,7ba24a7a4527b2de83e2b38d220efec9e82ade40,2c6b766d283349c9bf49fe710fefc808576b8e81,2019-03-07T19:00:13-05:00,nodemailer,add yashar to the contributors list,False,0,2405,2405,1.8496,1.8496
sahat/hackathon-starter,7ba24a7a4527b2de83e2b38d220efec9e82ade40,2c6b766d283349c9bf49fe710fefc808576b8e81,2019-03-07T19:00:13-05:00,passport,add yashar to the contributors list,False,0,2405,2405,1.8496,1.8496
sahat/hackathon-starter,7ba24a7a4527b2de83e2b38d220efec9e82ade40,2c6b766d283349c9bf49fe710fefc808576b8e81,2019-03-07T19:00:13-05:00,passport-facebook,add yashar to the contributors list,False,0,2405,2405,1.8496,1.8496
sahat/hackathon-starter,7ba24a7a4527b2de83e2b38d220efec9e82ade40,2c6b766d283349c9bf49fe710fefc808576b8e81,2019-03-07T19:00:13-05:00,passport-github,add yashar to the contributors list,False,0,2405,2405,1.8496,1.8496
sahat/hackathon-starter,7ba24a7a4527b2de83e2b38d220efec9e82ade40,2c6b766d283349c9bf49fe710fefc808576b8e81,2019-03-07T19:00:13-05:00,passport-google-oauth,add yashar to the contributors list,False,0,2405,2405,1.8496,1.8496
sahat/hackathon-starter,7ba24a7a4527b2de83e2b38d220efec9e82ade40,2c6b766d283349c9bf49fe710fefc808576b8e81,2019-03-07T19:00:13-05:00,passport-instagram,add yashar to the contributors list,False,0,2405,2405,1.8496,1.8496
sahat/hackathon-starter,7ba24a7a4527b2de83e2b38d220efec9e82ade40,2c6b766d283349c9bf49fe710fefc808576b8e81,2019-03-07T19:00:13-05:00,passport-linkedin-oauth2,add yashar to the contributors list,False,0,2405,2405,1.8496,1.8496
sahat/hackathon-starter,7ba24a7a4527b2de83e2b38d220efec9e82ade40,2c6b766d283349c9bf49fe710fefc808576b8e81,2019-03-07T19:00:13-05:00,passport-local,add yashar to the contributors list,False,0,2405,2405,1.8496,1.8496
sahat/hackathon-starter,7ba24a7a4527b2de83e2b38d220efec9e82ade40,2c6b766d283349c9bf49fe710fefc808576b8e81,2019-03-07T19:00:13-05:00,passport-oauth,add yashar to the contributors list,False,0,2405,2405,1.8496,1.8496
sahat/hackathon-starter,7ba24a7a4527b2de83e2b38d220efec9e82ade40,2c6b766d283349c9bf49fe710fefc808576b8e81,2019-03-07T19:00:13-05:00,passport-openid,add yashar to the contributors list,False,0,2405,2405,1.8496,1.8496
sahat/hackathon-starter,7ba24a7a4527b2de83e2b38d220efec9e82ade40,2c6b766d283349c9bf49fe710fefc808576b8e81,2019-03-07T19:00:13-05:00,passport-snapchat,add yashar to the contributors list,False,0,2405,2405,1.8496,1.8496
sahat/hackathon-starter,7ba24a7a4527b2de83e2b38d220efec9e82ade40,2c6b766d283349c9bf49fe710fefc808576b8e81,2019-03-07T19:00:13-05:00,passport-twitter,add yashar to the contributors list,False,0,2405,2405,1.8496,1.8496
sahat/hackathon-starter,7ba24a7a4527b2de83e2b38d220efec9e82ade40,2c6b766d283349c9bf49fe710fefc808576b8e81,2019-03-07T19:00:13-05:00,paypal-rest-sdk,add yashar to the contributors list,False,0,2405,2405,1.8496,1.8496
sahat/hackathon-starter,7ba24a7a4527b2de83e2b38d220efec9e82ade40,2c6b766d283349c9bf49fe710fefc808576b8e81,2019-03-07T19:00:13-05:00,popper.js,add yashar to the contributors list,False,0,2405,2405,1.8496,1.8496
sahat/hackathon-starter,7ba24a7a4527b2de83e2b38d220efec9e82ade40,2c6b766d283349c9bf49fe710fefc808576b8e81,2019-03-07T19:00:13-05:00,pug,add yashar to the contributors list,False,0,2405,2405,1.8496,1.8496
sahat/hackathon-starter,7ba24a7a4527b2de83e2b38d220efec9e82ade40,2c6b766d283349c9bf49fe710fefc808576b8e81,2019-03-07T19:00:13-05:00,request,add yashar to the contributors list,False,0,2405,2405,1.8496,1.8496
sahat/hackathon-starter,7ba24a7a4527b2de83e2b38d220efec9e82ade40,2c6b766d283349c9bf49fe710fefc808576b8e81,2019-03-07T19:00:13-05:00,stripe,add yashar to the contributors list,False,0,2405,2405,1.8496,1.8496
sahat/hackathon-starter,7ba24a7a4527b2de83e2b38d220efec9e82ade40,2c6b766d283349c9bf49fe710fefc808576b8e81,2019-03-07T19:00:13-05:00,tumblr.js,add yashar to the contributors list,False,0,2405,2405,1.8496,1.8496
sahat/hackathon-starter,7ba24a7a4527b2de83e2b38d220efec9e82ade40,2c6b766d283349c9bf49fe710fefc808576b8e81,2019-03-07T19:00:13-05:00,twilio,add yashar to the contributors list,False,0,2405,2405,1.8496,1.8496
sahat/hackathon-starter,7ba24a7a4527b2de83e2b38d220efec9e82ade40,2c6b766d283349c9bf49fe710fefc808576b8e81,2019-03-07T19:00:13-05:00,twit,add yashar to the contributors list,False,0,2405,2405,1.8496,1.8496
sahat/hackathon-starter,7ba24a7a4527b2de83e2b38d220efec9e82ade40,2c6b766d283349c9bf49fe710fefc808576b8e81,2019-03-07T19:00:13-05:00,validator,add yashar to the contributors list,False,0,2405,2405,1.8496,1.8496
sahat/hackathon-starter,4cdb5b98ea45ba70e6d50ced69a613789c39c97b,1bede5a7530bad156a8236eebc19c004ec3f8c6e,2019-01-13T14:49:14-08:00,node-foursquare,Migrate the Foursquare API example to use Axios rest calls,False,0,2306,2302,1.918,1.9106
sahat/hackathon-starter,072fada7f0e6ac2a3d677ae1bfa9f9345250cd66,d6b8bac3507e9790b3742d9f5e3ed3a1292e87c0,2018-04-01T23:42:29+02:00,bluebird,remove bluebird in package.json and update node version in readme,False,0,2127,2127,3.0311,3.0311
sahat/hackathon-starter,d26efa3d13bc9714209abe672a63847eda0847a3,4f0a065ed7bf79800498df6db96b84522fd4f830,2018-03-30T22:15:07-07:00,opentok,"Revert ""Merge pull request #750 from ggarber/add_tokbox_support""",False,0,2151,2122,3.0223,3.0262
sahat/hackathon-starter,b53232b58ae312e6820c4ce8fe52f4106a73a83c,083122a6b07865be44f8c55e7ade3fa93bf82ede,2018-03-22T00:25:26-07:00,github,Migrate from github npm package to @octokit/rest,False,0,2124,2124,3.0301,3.0301
sahat/hackathon-starter,1b252903625c93dbc562849f3140796d1352687c,74da58f19ff5e5fa216e28e62f9b8d7f6ddbbc82,2017-03-15T23:10:02-07:00,lodash,removed lodash dependency,False,0,2088,2087,2.999,2.9971
sahat/hackathon-starter,936e6328b01a8043d64d2a1cc03bb168feb83eda,75d6c030a139bcd4eb811fc765d9dee3c2e87f5c,2017-01-09T16:02:57+00:00,async,Remove async module from package.json,False,0,2081,2081,3.0178,3.0178
sahat/hackathon-starter,ce579bcc5f2c21fb2b3af27a728e4bd7754ea97f,2ec3136ca9037f2520961dd97c3bba80a59ff8e5,2016-09-16T16:34:18-07:00,github-api,switched from github-api to github npm module,False,0,1989,1988,2.9608,2.9608
sahat/hackathon-starter,935f13df7c1b67f9d61ef60abc01330b1cf57756,6cb94c3d72a1b32d3c50ae5edf9c2cdd37887272,2016-08-21T16:19:07-07:00,jade,Replace jade with pug,False,0,1988,1988,2.9637,2.9637
sahat/hackathon-starter,8c2d7b46dfc74c67e3aec8f5d3e7d3b31f6ff55b,6b45ab208fdfb054b85c6d8e4b14708cd833077a,2016-07-30T08:03:16-07:00,yui,removed deprecated yui package,False,0,2011,1982,2.9453,2.9568
sahat/hackathon-starter,fc464d8728b862e567a4df51c3a4e0747be353bf,5b1165800867f955080f9ed0c355e54d0b1d1a00,2016-07-23T17:38:07-07:00,bitgo,Removed bitgo,False,0,2078,2011,2.9322,2.9453
sahat/hackathon-starter,8d7f73553e3e059b1ea7a968bf5c4f8c0e3cbf66,3eed01e8757cddbd98ec41836153927e546f1e7e,2016-03-28T23:23:13-07:00,connect-assets,Remove connect-assets from package.json,False,0,2333,2333,2.9335,2.9335
sahat/hackathon-starter,8c3f3f8945bad89b58231bb5cdb70e175cee78fe,f8ab70a7197ff838bdd0d0baaa077194ba23247d,2016-03-25T13:16:40-04:00,method-override,Removed method-override,False,0,2333,2331,2.9344,2.9344
sahat/hackathon-starter,0db876e7ef663cef664885ad21a08fc4c7e74751,b1b9eadb70f23bd106d08e3ea53048360752ff01,2016-03-15T13:29:32-04:00,cookie-parser,removed cookier-parser,False,0,2335,2333,2.9344,2.9344
sahat/hackathon-starter,1c46d236817ffd13de152be0cd87bcf12d3d9bd8,ad61d769df0f72250cd22e3afe59669c8d4c2436,2016-02-20T17:58:18-05:00,serve-favicon,Code cleanup,False,0,2576,2573,2.9411,2.9411
sahat/hackathon-starter,0fa924534446277d001c83bd837bc8571a9e9fde,f5a2833bfd5159c9e3491fbb738c3e3cff85ff40,2015-11-14T21:11:37-05:00,bitcore,removed bitcore example,False,0,2624,2518,3.001,2.9961
sahat/hackathon-starter,0fa924534446277d001c83bd837bc8571a9e9fde,f5a2833bfd5159c9e3491fbb738c3e3cff85ff40,2015-11-14T21:11:37-05:00,bitcore-explorers,removed bitcore example,False,0,2624,2518,3.001,2.9961
sahat/hackathon-starter,0fa924534446277d001c83bd837bc8571a9e9fde,f5a2833bfd5159c9e3491fbb738c3e3cff85ff40,2015-11-14T21:11:37-05:00,cfenv,removed bitcore example,False,0,2624,2518,3.001,2.9961
sahat/hackathon-starter,48d5257beff20713aacde8e4eee2918ed4bdd5bc,b444473c79a2e1c88a1033c500b17076812806c2,2015-11-10T16:34:47-05:00,uglify-js,removed unused uglify-js and connect-assets modules,False,0,2624,2624,3.001,3.001
sahat/hackathon-starter,b444473c79a2e1c88a1033c500b17076812806c2,204e6538ba49f2cc8cbcd04f025f5245706149ee,2015-11-09T13:50:38-05:00,csso,Removed connect-assets references and packages,False,0,2624,2624,3.001,3.001
sahat/hackathon-starter,7afbe90065a29ad6370f7d43f32d6f6bc44c77c7,6fe2ab601139f105418eeaebc0fdeaadd9fda8f7,2015-09-30T17:12:26-07:00,less,updated package.json,False,0,2624,2624,3.001,3.001
sahat/hackathon-starter,14a93d7417079a05604fc0a5923071ca63c03f99,39d44a8e07ee9b8184505f050a69384059e2bba3,2015-07-24T23:06:41-07:00,multer,removed multer middleware,False,0,2482,2480,2.9833,2.9833
sahat/hackathon-starter,c1167dd8a564bb98a4d7b14d6a5d6a64d84df521,9c1d8998ff68322f4960d3f343bad6fd8f7a1160,2015-05-25T11:48:01-05:00,ordrin-api,Remove Ordrx API,False,0,2432,2405,2.995,2.996
sahat/hackathon-starter,e03d2120b53ea0b58da5eff80268648903e5d8f9,77ac7f55431d1cbc08dfbcdee8c789d7eb3bce94,2015-02-23T20:04:57-08:00,node-sass,Swapped node-sass for less,False,0,2431,2431,2.996,2.996
sahat/hackathon-starter,86a69fbebc2a447a86e852ff09edb217bd75e0a5,69cd6618fda45c3f0968efe5bd8ca768e6e0a552,2015-01-08T22:54:05-08:00,less,"removed less package, added node-sass package",False,0,2638,2638,3.0041,3.0041
sahat/hackathon-starter,78b91d705675ce9db77a73459c3729a7b3ef791e,7890eb5c3051cf9a86b644c3ee930b53f5524179,2014-06-06T15:43:49-04:00,underscore,Switched from underscore to lodash library,False,0,2657,2657,2.9959,2.9959
sahat/hackathon-starter,d27cae99606400d1651068addfd234f37dd56b9e,f6bfad0e3f70815cb6848713d4ad6607cd209c41,2014-05-11T05:25:13-04:00,async,Updated package.json,False,0,,,,
sahat/hackathon-starter,d27cae99606400d1651068addfd234f37dd56b9e,f6bfad0e3f70815cb6848713d4ad6607cd209c41,2014-05-11T05:25:13-04:00,bcrypt-nodejs,Updated package.json,False,0,,,,
sahat/hackathon-starter,d27cae99606400d1651068addfd234f37dd56b9e,f6bfad0e3f70815cb6848713d4ad6607cd209c41,2014-05-11T05:25:13-04:00,body-parser,Updated package.json,False,0,,,,
sahat/hackathon-starter,d27cae99606400d1651068addfd234f37dd56b9e,f6bfad0e3f70815cb6848713d4ad6607cd209c41,2014-05-11T05:25:13-04:00,cheerio,Updated package.json,False,0,,,,
sahat/hackathon-starter,d27cae99606400d1651068addfd234f37dd56b9e,f6bfad0e3f70815cb6848713d4ad6607cd209c41,2014-05-11T05:25:13-04:00,clockwork,Updated package.json,False,0,,,,
sahat/hackathon-starter,d27cae99606400d1651068addfd234f37dd56b9e,f6bfad0e3f70815cb6848713d4ad6607cd209c41,2014-05-11T05:25:13-04:00,compression,Updated package.json,False,0,,,,
sahat/hackathon-starter,d27cae99606400d1651068addfd234f37dd56b9e,f6bfad0e3f70815cb6848713d4ad6607cd209c41,2014-05-11T05:25:13-04:00,connect-assets,Updated package.json,False,0,,,,
sahat/hackathon-starter,d27cae99606400d1651068addfd234f37dd56b9e,f6bfad0e3f70815cb6848713d4ad6607cd209c41,2014-05-11T05:25:13-04:00,connect-mongo,Updated package.json,False,0,,,,
sahat/hackathon-starter,d27cae99606400d1651068addfd234f37dd56b9e,f6bfad0e3f70815cb6848713d4ad6607cd209c41,2014-05-11T05:25:13-04:00,cookie-parser,Updated package.json,False,0,,,,
sahat/hackathon-starter,d27cae99606400d1651068addfd234f37dd56b9e,f6bfad0e3f70815cb6848713d4ad6607cd209c41,2014-05-11T05:25:13-04:00,csso,Updated package.json,False,0,,,,
sahat/hackathon-starter,d27cae99606400d1651068addfd234f37dd56b9e,f6bfad0e3f70815cb6848713d4ad6607cd209c41,2014-05-11T05:25:13-04:00,errorhandler,Updated package.json,False,0,,,,
sahat/hackathon-starter,d27cae99606400d1651068addfd234f37dd56b9e,f6bfad0e3f70815cb6848713d4ad6607cd209c41,2014-05-11T05:25:13-04:00,express,Updated package.json,False,0,,,,
sahat/hackathon-starter,d27cae99606400d1651068addfd234f37dd56b9e,f6bfad0e3f70815cb6848713d4ad6607cd209c41,2014-05-11T05:25:13-04:00,express-flash,Updated package.json,False,0,,,,
sahat/hackathon-starter,d27cae99606400d1651068addfd234f37dd56b9e,f6bfad0e3f70815cb6848713d4ad6607cd209c41,2014-05-11T05:25:13-04:00,express-session,Updated package.json,False,0,,,,
sahat/hackathon-starter,d27cae99606400d1651068addfd234f37dd56b9e,f6bfad0e3f70815cb6848713d4ad6607cd209c41,2014-05-11T05:25:13-04:00,express-validator,Updated package.json,False,0,,,,
sahat/hackathon-starter,d27cae99606400d1651068addfd234f37dd56b9e,f6bfad0e3f70815cb6848713d4ad6607cd209c41,2014-05-11T05:25:13-04:00,fbgraph,Updated package.json,False,0,,,,
sahat/hackathon-starter,d27cae99606400d1651068addfd234f37dd56b9e,f6bfad0e3f70815cb6848713d4ad6607cd209c41,2014-05-11T05:25:13-04:00,github-api,Updated package.json,False,0,,,,
sahat/hackathon-starter,d27cae99606400d1651068addfd234f37dd56b9e,f6bfad0e3f70815cb6848713d4ad6607cd209c41,2014-05-11T05:25:13-04:00,instagram-node,Updated package.json,False,0,,,,
sahat/hackathon-starter,d27cae99606400d1651068addfd234f37dd56b9e,f6bfad0e3f70815cb6848713d4ad6607cd209c41,2014-05-11T05:25:13-04:00,jade,Updated package.json,False,0,,,,
sahat/hackathon-starter,d27cae99606400d1651068addfd234f37dd56b9e,f6bfad0e3f70815cb6848713d4ad6607cd209c41,2014-05-11T05:25:13-04:00,lastfm,Updated package.json,False,0,,,,
sahat/hackathon-starter,d27cae99606400d1651068addfd234f37dd56b9e,f6bfad0e3f70815cb6848713d4ad6607cd209c41,2014-05-11T05:25:13-04:00,less,Updated package.json,False,0,,,,
sahat/hackathon-starter,d27cae99606400d1651068addfd234f37dd56b9e,f6bfad0e3f70815cb6848713d4ad6607cd209c41,2014-05-11T05:25:13-04:00,lusca,Updated package.json,False,0,,,,
sahat/hackathon-starter,d27cae99606400d1651068addfd234f37dd56b9e,f6bfad0e3f70815cb6848713d4ad6607cd209c41,2014-05-11T05:25:13-04:00,method-override,Updated package.json,False,0,,,,
sahat/hackathon-starter,d27cae99606400d1651068addfd234f37dd56b9e,f6bfad0e3f70815cb6848713d4ad6607cd209c41,2014-05-11T05:25:13-04:00,mongoose,Updated package.json,False,0,,,,
sahat/hackathon-starter,d27cae99606400d1651068addfd234f37dd56b9e,f6bfad0e3f70815cb6848713d4ad6607cd209c41,2014-05-11T05:25:13-04:00,morgan,Updated package.json,False,0,,,,
sahat/hackathon-starter,d27cae99606400d1651068addfd234f37dd56b9e,f6bfad0e3f70815cb6848713d4ad6607cd209c41,2014-05-11T05:25:13-04:00,node-foursquare,Updated package.json,False,0,,,,
sahat/hackathon-starter,d27cae99606400d1651068addfd234f37dd56b9e,f6bfad0e3f70815cb6848713d4ad6607cd209c41,2014-05-11T05:25:13-04:00,node-linkedin,Updated package.json,False,0,,,,
sahat/hackathon-starter,d27cae99606400d1651068addfd234f37dd56b9e,f6bfad0e3f70815cb6848713d4ad6607cd209c41,2014-05-11T05:25:13-04:00,nodemailer,Updated package.json,False,0,,,,
sahat/hackathon-starter,d27cae99606400d1651068addfd234f37dd56b9e,f6bfad0e3f70815cb6848713d4ad6607cd209c41,2014-05-11T05:25:13-04:00,passport,Updated package.json,False,0,,,,
sahat/hackathon-starter,d27cae99606400d1651068addfd234f37dd56b9e,f6bfad0e3f70815cb6848713d4ad6607cd209c41,2014-05-11T05:25:13-04:00,passport-facebook,Updated package.json,False,0,,,,
sahat/hackathon-starter,d27cae99606400d1651068addfd234f37dd56b9e,f6bfad0e3f70815cb6848713d4ad6607cd209c41,2014-05-11T05:25:13-04:00,passport-github,Updated package.json,False,0,,,,
sahat/hackathon-starter,d27cae99606400d1651068addfd234f37dd56b9e,f6bfad0e3f70815cb6848713d4ad6607cd209c41,2014-05-11T05:25:13-04:00,passport-google-oauth,Updated package.json,False,0,,,,
sahat/hackathon-starter,d27cae99606400d1651068addfd234f37dd56b9e,f6bfad0e3f70815cb6848713d4ad6607cd209c41,2014-05-11T05:25:13-04:00,passport-instagram,Updated package.json,False,0,,,,
sahat/hackathon-starter,d27cae99606400d1651068addfd234f37dd56b9e,f6bfad0e3f70815cb6848713d4ad6607cd209c41,2014-05-11T05:25:13-04:00,passport-linkedin-oauth2,Updated package.json,False,0,,,,
sahat/hackathon-starter,d27cae99606400d1651068addfd234f37dd56b9e,f6bfad0e3f70815cb6848713d4ad6607cd209c41,2014-05-11T05:25:13-04:00,passport-local,Updated package.json,False,0,,,,
sahat/hackathon-starter,d27cae99606400d1651068addfd234f37dd56b9e,f6bfad0e3f70815cb6848713d4ad6607cd209c41,2014-05-11T05:25:13-04:00,passport-oauth,Updated package.json,False,0,,,,
sahat/hackathon-starter,d27cae99606400d1651068addfd234f37dd56b9e,f6bfad0e3f70815cb6848713d4ad6607cd209c41,2014-05-11T05:25:13-04:00,passport-twitter,Updated package.json,False,0,,,,
sahat/hackathon-starter,d27cae99606400d1651068addfd234f37dd56b9e,f6bfad0e3f70815cb6848713d4ad6607cd209c41,2014-05-11T05:25:13-04:00,request,Updated package.json,False,0,,,,
sahat/hackathon-starter,d27cae99606400d1651068addfd234f37dd56b9e,f6bfad0e3f70815cb6848713d4ad6607cd209c41,2014-05-11T05:25:13-04:00,stripe,Updated package.json,False,0,,,,
sahat/hackathon-starter,d27cae99606400d1651068addfd234f37dd56b9e,f6bfad0e3f70815cb6848713d4ad6607cd209c41,2014-05-11T05:25:13-04:00,tumblr.js,Updated package.json,False,0,,,,
sahat/hackathon-starter,d27cae99606400d1651068addfd234f37dd56b9e,f6bfad0e3f70815cb6848713d4ad6607cd209c41,2014-05-11T05:25:13-04:00,twilio,Updated package.json,False,0,,,,
sahat/hackathon-starter,d27cae99606400d1651068addfd234f37dd56b9e,f6bfad0e3f70815cb6848713d4ad6607cd209c41,2014-05-11T05:25:13-04:00,twit,Updated package.json,False,0,,,,
sahat/hackathon-starter,d27cae99606400d1651068addfd234f37dd56b9e,f6bfad0e3f70815cb6848713d4ad6607cd209c41,2014-05-11T05:25:13-04:00,uglify-js,Updated package.json,False,0,,,,
sahat/hackathon-starter,d27cae99606400d1651068addfd234f37dd56b9e,f6bfad0e3f70815cb6848713d4ad6607cd209c41,2014-05-11T05:25:13-04:00,underscore,Updated package.json,False,0,,,,
sahat/hackathon-starter,d27cae99606400d1651068addfd234f37dd56b9e,f6bfad0e3f70815cb6848713d4ad6607cd209c41,2014-05-11T05:25:13-04:00,validator,Updated package.json,False,0,,,,
sahat/hackathon-starter,a81d21122af00d2b6ffe7f7329beaad65a619c5f,adea4164d318f7bfbc6a256e1ab769fe892a36ed,2014-04-21T16:42:22-04:00,static-favicon,Removed connect-favicon middleware,False,0,,,,
sahat/hackathon-starter,e12f7ca253bc77df576e1ffb1c7e2191da05bfb1,4f57bf8c28d4db685ff2c50d6a8c0f78cfb94558,2014-04-18T14:37:06-04:00,async,"Code cleanup, updated README packages table",False,0,,,,
sahat/hackathon-starter,e12f7ca253bc77df576e1ffb1c7e2191da05bfb1,4f57bf8c28d4db685ff2c50d6a8c0f78cfb94558,2014-04-18T14:37:06-04:00,bcrypt-nodejs,"Code cleanup, updated README packages table",False,0,,,,
sahat/hackathon-starter,e12f7ca253bc77df576e1ffb1c7e2191da05bfb1,4f57bf8c28d4db685ff2c50d6a8c0f78cfb94558,2014-04-18T14:37:06-04:00,cheerio,"Code cleanup, updated README packages table",False,0,,,,
sahat/hackathon-starter,e12f7ca253bc77df576e1ffb1c7e2191da05bfb1,4f57bf8c28d4db685ff2c50d6a8c0f78cfb94558,2014-04-18T14:37:06-04:00,clockwork,"Code cleanup, updated README packages table",False,0,,,,
sahat/hackathon-starter,e12f7ca253bc77df576e1ffb1c7e2191da05bfb1,4f57bf8c28d4db685ff2c50d6a8c0f78cfb94558,2014-04-18T14:37:06-04:00,connect-assets,"Code cleanup, updated README packages table",False,0,,,,
sahat/hackathon-starter,e12f7ca253bc77df576e1ffb1c7e2191da05bfb1,4f57bf8c28d4db685ff2c50d6a8c0f78cfb94558,2014-04-18T14:37:06-04:00,connect-mongo,"Code cleanup, updated README packages table",False,0,,,,
sahat/hackathon-starter,e12f7ca253bc77df576e1ffb1c7e2191da05bfb1,4f57bf8c28d4db685ff2c50d6a8c0f78cfb94558,2014-04-18T14:37:06-04:00,csso,"Code cleanup, updated README packages table",False,0,,,,
sahat/hackathon-starter,e12f7ca253bc77df576e1ffb1c7e2191da05bfb1,4f57bf8c28d4db685ff2c50d6a8c0f78cfb94558,2014-04-18T14:37:06-04:00,express,"Code cleanup, updated README packages table",False,0,,,,
sahat/hackathon-starter,e12f7ca253bc77df576e1ffb1c7e2191da05bfb1,4f57bf8c28d4db685ff2c50d6a8c0f78cfb94558,2014-04-18T14:37:06-04:00,body-parser,"Code cleanup, updated README packages table",False,0,,,,
sahat/hackathon-starter,e12f7ca253bc77df576e1ffb1c7e2191da05bfb1,4f57bf8c28d4db685ff2c50d6a8c0f78cfb94558,2014-04-18T14:37:06-04:00,cookie-parser,"Code cleanup, updated README packages table",False,0,,,,
sahat/hackathon-starter,e12f7ca253bc77df576e1ffb1c7e2191da05bfb1,4f57bf8c28d4db685ff2c50d6a8c0f78cfb94558,2014-04-18T14:37:06-04:00,static-favicon,"Code cleanup, updated README packages table",False,0,,,,
sahat/hackathon-starter,e12f7ca253bc77df576e1ffb1c7e2191da05bfb1,4f57bf8c28d4db685ff2c50d6a8c0f78cfb94558,2014-04-18T14:37:06-04:00,express-session,"Code cleanup, updated README packages table",False,0,,,,
sahat/hackathon-starter,e12f7ca253bc77df576e1ffb1c7e2191da05bfb1,4f57bf8c28d4db685ff2c50d6a8c0f78cfb94558,2014-04-18T14:37:06-04:00,morgan,"Code cleanup, updated README packages table",False,0,,,,
sahat/hackathon-starter,e12f7ca253bc77df576e1ffb1c7e2191da05bfb1,4f57bf8c28d4db685ff2c50d6a8c0f78cfb94558,2014-04-18T14:37:06-04:00,csurf,"Code cleanup, updated README packages table",False,0,,,,
sahat/hackathon-starter,e12f7ca253bc77df576e1ffb1c7e2191da05bfb1,4f57bf8c28d4db685ff2c50d6a8c0f78cfb94558,2014-04-18T14:37:06-04:00,compression,"Code cleanup, updated README packages table",False,0,,,,
sahat/hackathon-starter,e12f7ca253bc77df576e1ffb1c7e2191da05bfb1,4f57bf8c28d4db685ff2c50d6a8c0f78cfb94558,2014-04-18T14:37:06-04:00,errorhandler,"Code cleanup, updated README packages table",False,0,,,,
sahat/hackathon-starter,e12f7ca253bc77df576e1ffb1c7e2191da05bfb1,4f57bf8c28d4db685ff2c50d6a8c0f78cfb94558,2014-04-18T14:37:06-04:00,method-override,"Code cleanup, updated README packages table",False,0,,,,
sahat/hackathon-starter,e12f7ca253bc77df576e1ffb1c7e2191da05bfb1,4f57bf8c28d4db685ff2c50d6a8c0f78cfb94558,2014-04-18T14:37:06-04:00,express-flash,"Code cleanup, updated README packages table",False,0,,,,
sahat/hackathon-starter,e12f7ca253bc77df576e1ffb1c7e2191da05bfb1,4f57bf8c28d4db685ff2c50d6a8c0f78cfb94558,2014-04-18T14:37:06-04:00,express-validator,"Code cleanup, updated README packages table",False,0,,,,
sahat/hackathon-starter,e12f7ca253bc77df576e1ffb1c7e2191da05bfb1,4f57bf8c28d4db685ff2c50d6a8c0f78cfb94558,2014-04-18T14:37:06-04:00,fbgraph,"Code cleanup, updated README packages table",False,0,,,,
sahat/hackathon-starter,e12f7ca253bc77df576e1ffb1c7e2191da05bfb1,4f57bf8c28d4db685ff2c50d6a8c0f78cfb94558,2014-04-18T14:37:06-04:00,github-api,"Code cleanup, updated README packages table",False,0,,,,
sahat/hackathon-starter,e12f7ca253bc77df576e1ffb1c7e2191da05bfb1,4f57bf8c28d4db685ff2c50d6a8c0f78cfb94558,2014-04-18T14:37:06-04:00,jade,"Code cleanup, updated README packages table",False,0,,,,
sahat/hackathon-starter,e12f7ca253bc77df576e1ffb1c7e2191da05bfb1,4f57bf8c28d4db685ff2c50d6a8c0f78cfb94558,2014-04-18T14:37:06-04:00,lastfm,"Code cleanup, updated README packages table",False,0,,,,
sahat/hackathon-starter,e12f7ca253bc77df576e1ffb1c7e2191da05bfb1,4f57bf8c28d4db685ff2c50d6a8c0f78cfb94558,2014-04-18T14:37:06-04:00,less,"Code cleanup, updated README packages table",False,0,,,,
sahat/hackathon-starter,e12f7ca253bc77df576e1ffb1c7e2191da05bfb1,4f57bf8c28d4db685ff2c50d6a8c0f78cfb94558,2014-04-18T14:37:06-04:00,mongoose,"Code cleanup, updated README packages table",False,0,,,,
sahat/hackathon-starter,e12f7ca253bc77df576e1ffb1c7e2191da05bfb1,4f57bf8c28d4db685ff2c50d6a8c0f78cfb94558,2014-04-18T14:37:06-04:00,node-foursquare,"Code cleanup, updated README packages table",False,0,,,,
sahat/hackathon-starter,e12f7ca253bc77df576e1ffb1c7e2191da05bfb1,4f57bf8c28d4db685ff2c50d6a8c0f78cfb94558,2014-04-18T14:37:06-04:00,node-linkedin,"Code cleanup, updated README packages table",False,0,,,,
sahat/hackathon-starter,e12f7ca253bc77df576e1ffb1c7e2191da05bfb1,4f57bf8c28d4db685ff2c50d6a8c0f78cfb94558,2014-04-18T14:37:06-04:00,nodemailer,"Code cleanup, updated README packages table",False,0,,,,
sahat/hackathon-starter,e12f7ca253bc77df576e1ffb1c7e2191da05bfb1,4f57bf8c28d4db685ff2c50d6a8c0f78cfb94558,2014-04-18T14:37:06-04:00,passport,"Code cleanup, updated README packages table",False,0,,,,
sahat/hackathon-starter,e12f7ca253bc77df576e1ffb1c7e2191da05bfb1,4f57bf8c28d4db685ff2c50d6a8c0f78cfb94558,2014-04-18T14:37:06-04:00,passport-facebook,"Code cleanup, updated README packages table",False,0,,,,
sahat/hackathon-starter,e12f7ca253bc77df576e1ffb1c7e2191da05bfb1,4f57bf8c28d4db685ff2c50d6a8c0f78cfb94558,2014-04-18T14:37:06-04:00,passport-github,"Code cleanup, updated README packages table",False,0,,,,
sahat/hackathon-starter,e12f7ca253bc77df576e1ffb1c7e2191da05bfb1,4f57bf8c28d4db685ff2c50d6a8c0f78cfb94558,2014-04-18T14:37:06-04:00,passport-google-oauth,"Code cleanup, updated README packages table",False,0,,,,
sahat/hackathon-starter,e12f7ca253bc77df576e1ffb1c7e2191da05bfb1,4f57bf8c28d4db685ff2c50d6a8c0f78cfb94558,2014-04-18T14:37:06-04:00,passport-linkedin-oauth2,"Code cleanup, updated README packages table",False,0,,,,
sahat/hackathon-starter,e12f7ca253bc77df576e1ffb1c7e2191da05bfb1,4f57bf8c28d4db685ff2c50d6a8c0f78cfb94558,2014-04-18T14:37:06-04:00,passport-local,"Code cleanup, updated README packages table",False,0,,,,
sahat/hackathon-starter,e12f7ca253bc77df576e1ffb1c7e2191da05bfb1,4f57bf8c28d4db685ff2c50d6a8c0f78cfb94558,2014-04-18T14:37:06-04:00,passport-oauth,"Code cleanup, updated README packages table",False,0,,,,
sahat/hackathon-starter,e12f7ca253bc77df576e1ffb1c7e2191da05bfb1,4f57bf8c28d4db685ff2c50d6a8c0f78cfb94558,2014-04-18T14:37:06-04:00,passport-twitter,"Code cleanup, updated README packages table",False,0,,,,
sahat/hackathon-starter,e12f7ca253bc77df576e1ffb1c7e2191da05bfb1,4f57bf8c28d4db685ff2c50d6a8c0f78cfb94558,2014-04-18T14:37:06-04:00,request,"Code cleanup, updated README packages table",False,0,,,,
sahat/hackathon-starter,e12f7ca253bc77df576e1ffb1c7e2191da05bfb1,4f57bf8c28d4db685ff2c50d6a8c0f78cfb94558,2014-04-18T14:37:06-04:00,stripe,"Code cleanup, updated README packages table",False,0,,,,
sahat/hackathon-starter,e12f7ca253bc77df576e1ffb1c7e2191da05bfb1,4f57bf8c28d4db685ff2c50d6a8c0f78cfb94558,2014-04-18T14:37:06-04:00,tumblr.js,"Code cleanup, updated README packages table",False,0,,,,
sahat/hackathon-starter,e12f7ca253bc77df576e1ffb1c7e2191da05bfb1,4f57bf8c28d4db685ff2c50d6a8c0f78cfb94558,2014-04-18T14:37:06-04:00,twilio,"Code cleanup, updated README packages table",False,0,,,,
sahat/hackathon-starter,e12f7ca253bc77df576e1ffb1c7e2191da05bfb1,4f57bf8c28d4db685ff2c50d6a8c0f78cfb94558,2014-04-18T14:37:06-04:00,twit,"Code cleanup, updated README packages table",False,0,,,,
sahat/hackathon-starter,e12f7ca253bc77df576e1ffb1c7e2191da05bfb1,4f57bf8c28d4db685ff2c50d6a8c0f78cfb94558,2014-04-18T14:37:06-04:00,underscore,"Code cleanup, updated README packages table",False,0,,,,
sahat/hackathon-starter,e12f7ca253bc77df576e1ffb1c7e2191da05bfb1,4f57bf8c28d4db685ff2c50d6a8c0f78cfb94558,2014-04-18T14:37:06-04:00,uglify-js,"Code cleanup, updated README packages table",False,0,,,,
sahat/hackathon-starter,e12f7ca253bc77df576e1ffb1c7e2191da05bfb1,4f57bf8c28d4db685ff2c50d6a8c0f78cfb94558,2014-04-18T14:37:06-04:00,validator,"Code cleanup, updated README packages table",False,0,,,,
sahat/hackathon-starter,e12f7ca253bc77df576e1ffb1c7e2191da05bfb1,4f57bf8c28d4db685ff2c50d6a8c0f78cfb94558,2014-04-18T14:37:06-04:00,lusca,"Code cleanup, updated README packages table",False,0,,,,
sahat/hackathon-starter,e8e7ec60f232777f4f75c95da5a00355ccb63967,7d0c99f4572d8d4a4384e56841d0b1bcf10adaeb,2014-04-14T21:49:29-04:00,paypal-rest-sdk,Removed paypal sdk library,False,0,,,,
sahat/hackathon-starter,e2d483968b70f5aeafe5027cf1940faf56ed9b14,b82a4878a0e53ef6d9b968c10669d047012cd7ef,2014-04-12T11:44:16-04:00,async,Updated Express to 4.0.0,False,0,1915,1915,3.0296,3.0296
sahat/hackathon-starter,e2d483968b70f5aeafe5027cf1940faf56ed9b14,b82a4878a0e53ef6d9b968c10669d047012cd7ef,2014-04-12T11:44:16-04:00,bcrypt-nodejs,Updated Express to 4.0.0,False,0,1915,1915,3.0296,3.0296
sahat/hackathon-starter,e2d483968b70f5aeafe5027cf1940faf56ed9b14,b82a4878a0e53ef6d9b968c10669d047012cd7ef,2014-04-12T11:44:16-04:00,cheerio,Updated Express to 4.0.0,False,0,1915,1915,3.0296,3.0296
sahat/hackathon-starter,e2d483968b70f5aeafe5027cf1940faf56ed9b14,b82a4878a0e53ef6d9b968c10669d047012cd7ef,2014-04-12T11:44:16-04:00,clockwork,Updated Express to 4.0.0,False,0,1915,1915,3.0296,3.0296
sahat/hackathon-starter,e2d483968b70f5aeafe5027cf1940faf56ed9b14,b82a4878a0e53ef6d9b968c10669d047012cd7ef,2014-04-12T11:44:16-04:00,connect-assets,Updated Express to 4.0.0,False,0,1915,1915,3.0296,3.0296
sahat/hackathon-starter,e2d483968b70f5aeafe5027cf1940faf56ed9b14,b82a4878a0e53ef6d9b968c10669d047012cd7ef,2014-04-12T11:44:16-04:00,connect-mongo,Updated Express to 4.0.0,False,0,1915,1915,3.0296,3.0296
sahat/hackathon-starter,e2d483968b70f5aeafe5027cf1940faf56ed9b14,b82a4878a0e53ef6d9b968c10669d047012cd7ef,2014-04-12T11:44:16-04:00,csso,Updated Express to 4.0.0,False,0,1915,1915,3.0296,3.0296
sahat/hackathon-starter,e2d483968b70f5aeafe5027cf1940faf56ed9b14,b82a4878a0e53ef6d9b968c10669d047012cd7ef,2014-04-12T11:44:16-04:00,express,Updated Express to 4.0.0,False,0,1915,1915,3.0296,3.0296
sahat/hackathon-starter,e2d483968b70f5aeafe5027cf1940faf56ed9b14,b82a4878a0e53ef6d9b968c10669d047012cd7ef,2014-04-12T11:44:16-04:00,express-flash,Updated Express to 4.0.0,False,0,1915,1915,3.0296,3.0296
sahat/hackathon-starter,e2d483968b70f5aeafe5027cf1940faf56ed9b14,b82a4878a0e53ef6d9b968c10669d047012cd7ef,2014-04-12T11:44:16-04:00,express-validator,Updated Express to 4.0.0,False,0,1915,1915,3.0296,3.0296
sahat/hackathon-starter,e2d483968b70f5aeafe5027cf1940faf56ed9b14,b82a4878a0e53ef6d9b968c10669d047012cd7ef,2014-04-12T11:44:16-04:00,fbgraph,Updated Express to 4.0.0,False,0,1915,1915,3.0296,3.0296
sahat/hackathon-starter,e2d483968b70f5aeafe5027cf1940faf56ed9b14,b82a4878a0e53ef6d9b968c10669d047012cd7ef,2014-04-12T11:44:16-04:00,github-api,Updated Express to 4.0.0,False,0,1915,1915,3.0296,3.0296
sahat/hackathon-starter,e2d483968b70f5aeafe5027cf1940faf56ed9b14,b82a4878a0e53ef6d9b968c10669d047012cd7ef,2014-04-12T11:44:16-04:00,jade,Updated Express to 4.0.0,False,0,1915,1915,3.0296,3.0296
sahat/hackathon-starter,e2d483968b70f5aeafe5027cf1940faf56ed9b14,b82a4878a0e53ef6d9b968c10669d047012cd7ef,2014-04-12T11:44:16-04:00,lastfm,Updated Express to 4.0.0,False,0,1915,1915,3.0296,3.0296
sahat/hackathon-starter,e2d483968b70f5aeafe5027cf1940faf56ed9b14,b82a4878a0e53ef6d9b968c10669d047012cd7ef,2014-04-12T11:44:16-04:00,less,Updated Express to 4.0.0,False,0,1915,1915,3.0296,3.0296
sahat/hackathon-starter,e2d483968b70f5aeafe5027cf1940faf56ed9b14,b82a4878a0e53ef6d9b968c10669d047012cd7ef,2014-04-12T11:44:16-04:00,mongoose,Updated Express to 4.0.0,False,0,1915,1915,3.0296,3.0296
sahat/hackathon-starter,e2d483968b70f5aeafe5027cf1940faf56ed9b14,b82a4878a0e53ef6d9b968c10669d047012cd7ef,2014-04-12T11:44:16-04:00,node-foursquare,Updated Express to 4.0.0,False,0,1915,1915,3.0296,3.0296
sahat/hackathon-starter,e2d483968b70f5aeafe5027cf1940faf56ed9b14,b82a4878a0e53ef6d9b968c10669d047012cd7ef,2014-04-12T11:44:16-04:00,node-linkedin,Updated Express to 4.0.0,False,0,1915,1915,3.0296,3.0296
sahat/hackathon-starter,e2d483968b70f5aeafe5027cf1940faf56ed9b14,b82a4878a0e53ef6d9b968c10669d047012cd7ef,2014-04-12T11:44:16-04:00,nodemailer,Updated Express to 4.0.0,False,0,1915,1915,3.0296,3.0296
sahat/hackathon-starter,e2d483968b70f5aeafe5027cf1940faf56ed9b14,b82a4878a0e53ef6d9b968c10669d047012cd7ef,2014-04-12T11:44:16-04:00,passport,Updated Express to 4.0.0,False,0,1915,1915,3.0296,3.0296
sahat/hackathon-starter,e2d483968b70f5aeafe5027cf1940faf56ed9b14,b82a4878a0e53ef6d9b968c10669d047012cd7ef,2014-04-12T11:44:16-04:00,passport-facebook,Updated Express to 4.0.0,False,0,1915,1915,3.0296,3.0296
sahat/hackathon-starter,e2d483968b70f5aeafe5027cf1940faf56ed9b14,b82a4878a0e53ef6d9b968c10669d047012cd7ef,2014-04-12T11:44:16-04:00,passport-github,Updated Express to 4.0.0,False,0,1915,1915,3.0296,3.0296
sahat/hackathon-starter,e2d483968b70f5aeafe5027cf1940faf56ed9b14,b82a4878a0e53ef6d9b968c10669d047012cd7ef,2014-04-12T11:44:16-04:00,passport-google-oauth,Updated Express to 4.0.0,False,0,1915,1915,3.0296,3.0296
sahat/hackathon-starter,e2d483968b70f5aeafe5027cf1940faf56ed9b14,b82a4878a0e53ef6d9b968c10669d047012cd7ef,2014-04-12T11:44:16-04:00,passport-linkedin-oauth2,Updated Express to 4.0.0,False,0,1915,1915,3.0296,3.0296
sahat/hackathon-starter,e2d483968b70f5aeafe5027cf1940faf56ed9b14,b82a4878a0e53ef6d9b968c10669d047012cd7ef,2014-04-12T11:44:16-04:00,passport-local,Updated Express to 4.0.0,False,0,1915,1915,3.0296,3.0296
sahat/hackathon-starter,e2d483968b70f5aeafe5027cf1940faf56ed9b14,b82a4878a0e53ef6d9b968c10669d047012cd7ef,2014-04-12T11:44:16-04:00,passport-oauth,Updated Express to 4.0.0,False,0,1915,1915,3.0296,3.0296
sahat/hackathon-starter,e2d483968b70f5aeafe5027cf1940faf56ed9b14,b82a4878a0e53ef6d9b968c10669d047012cd7ef,2014-04-12T11:44:16-04:00,passport-twitter,Updated Express to 4.0.0,False,0,1915,1915,3.0296,3.0296
sahat/hackathon-starter,e2d483968b70f5aeafe5027cf1940faf56ed9b14,b82a4878a0e53ef6d9b968c10669d047012cd7ef,2014-04-12T11:44:16-04:00,paypal-rest-sdk,Updated Express to 4.0.0,False,0,1915,1915,3.0296,3.0296
sahat/hackathon-starter,e2d483968b70f5aeafe5027cf1940faf56ed9b14,b82a4878a0e53ef6d9b968c10669d047012cd7ef,2014-04-12T11:44:16-04:00,request,Updated Express to 4.0.0,False,0,1915,1915,3.0296,3.0296
sahat/hackathon-starter,e2d483968b70f5aeafe5027cf1940faf56ed9b14,b82a4878a0e53ef6d9b968c10669d047012cd7ef,2014-04-12T11:44:16-04:00,tumblr.js,Updated Express to 4.0.0,False,0,1915,1915,3.0296,3.0296
sahat/hackathon-starter,e2d483968b70f5aeafe5027cf1940faf56ed9b14,b82a4878a0e53ef6d9b968c10669d047012cd7ef,2014-04-12T11:44:16-04:00,twilio,Updated Express to 4.0.0,False,0,1915,1915,3.0296,3.0296
sahat/hackathon-starter,e2d483968b70f5aeafe5027cf1940faf56ed9b14,b82a4878a0e53ef6d9b968c10669d047012cd7ef,2014-04-12T11:44:16-04:00,twit,Updated Express to 4.0.0,False,0,1915,1915,3.0296,3.0296
sahat/hackathon-starter,e2d483968b70f5aeafe5027cf1940faf56ed9b14,b82a4878a0e53ef6d9b968c10669d047012cd7ef,2014-04-12T11:44:16-04:00,underscore,Updated Express to 4.0.0,False,0,1915,1915,3.0296,3.0296
sahat/hackathon-starter,e2d483968b70f5aeafe5027cf1940faf56ed9b14,b82a4878a0e53ef6d9b968c10669d047012cd7ef,2014-04-12T11:44:16-04:00,uglify-js,Updated Express to 4.0.0,False,0,1915,1915,3.0296,3.0296
sahat/hackathon-starter,e2d483968b70f5aeafe5027cf1940faf56ed9b14,b82a4878a0e53ef6d9b968c10669d047012cd7ef,2014-04-12T11:44:16-04:00,validator,Updated Express to 4.0.0,False,0,1915,1915,3.0296,3.0296
sahat/hackathon-starter,1dfc171268012a746b21cf84a641c9bd5a6d5eff,5928dfc7cceecae68089699d722583caf8618b47,2014-02-27T12:44:01-05:00,passport-linkedin,Updated passport-linked library that's compatible with Oauth2,False,0,1746,1746,3.0218,3.0218
sahat/hackathon-starter,74a20295d8565eaee7a2405f712adc062aacb429,8da2d114fd146a2efe95ad800766c8166ca52de2,2014-02-26T17:06:19+05:30,crypto,removed crypto pacakage,False,0,1735,1735,3.0218,3.0218
sahat/hackathon-starter,e51850bf30d1dafde43a72c9861077f12100abb9,aa40f4aa4731d1b5f63639f8711467499fc37cc6,2014-02-10T13:32:38-08:00,sendgrid,Add Nodemailer and Mailgun option for contact form,False,0,1303,1320,3.1033,3.1033
sahat/hackathon-starter,a8a84bc6468109b28395a2b4e650cb65f7be98ff,fee62ecf29494a72803cce4cfb04dc9ab3d05120,2014-02-03T09:15:17-05:00,less-middleware,"Replaced less-middleware with less package (used by connect-assets), as a result we no longer need less-middleware by itself",False,0,1186,1186,3.1257,3.1257
sahat/hackathon-starter,ca67304437e38fc31bfc8278bcb9b631b54b5b93,6be4ee04cb07cdf2511f9b28de2e708df148abae,2014-01-28T17:51:10-08:00,bcrypt,Switch from bcrypt to bcrypt-nodejs to ease install on Windows,False,0,11879,11879,3.7251,3.7251
sahat/hackathon-starter,6496e3e373a2653b64a7134713e623f1f4cd761f,bf85cd32b91f5dcecf16b532668c45f8689e3826,2014-01-28T20:02:45+01:00,connect-flash,Replace connect-flash with express-flash,False,0,11885,11885,3.7251,3.7251
sahat/hackathon-starter,bf993077ade447be1f471a4f780c7bd08fff8c02,213e3afeadf348b4d26e93c6f3388cd4b184678d,2014-01-26T21:01:46-05:00,forever,Update package.json,False,0,,,,
sahat/hackathon-starter,bf993077ade447be1f471a4f780c7bd08fff8c02,213e3afeadf348b4d26e93c6f3388cd4b184678d,2014-01-26T21:01:46-05:00,connect-mongo,Update package.json,False,0,,,,
sahat/hackathon-starter,12e456db51b159b6988cd0441b16fceae7cade06,a8cf38f81b234ca56cb93488e80650cad7b3c88a,2014-01-26T19:11:04-05:00,geoip-lite,"Removed geo-ip, hard-coded NYC coordinates on the foursquare api example",False,0,,,,
sahat/hackathon-starter,8967f461ebf4065133588df2e698b2ccac2191f5,c4669aca3bd6e719868452b4f4ca7e42929470df,2013-12-07T22:15:11-05:00,fb,"Swapped fb with fbgraph, and other minor fixes",False,0,,,,
sahat/hackathon-starter,17d7188b238dd004fcdf0645c70b4206444eb030,f86b9b7be47f61e85840f64b0c76038d7cc24462,2013-12-06T20:17:35-05:00,tumblrwks,Added passport-oauth package,False,0,,,,
sahat/hackathon-starter,f50f4a0728b8f2602fe88c602684f674bc1abe3f,4f843bfe26204d9a8143287b5cb370bee20ed3b2,2013-12-04T01:25:55-05:00,less-middleware,"Removed app.css from git, only less will be in the repo",False,0,,,,
sahat/hackathon-starter,c37a4d7ba845ae85998904e3b58c5881d04a6377,86946bb3859d6daeaef6a990ebf242911e20510e,2013-11-26T23:15:13-05:00,opencv,Code cleanup,False,0,,,,
sahat/hackathon-starter,4ba93805e41cf8b39611037154924ed6a0a126f4,3db05555f82451bc83c73786fe29c1bf7ad56225,2013-11-21T14:20:38-05:00,passport-google,Google oauth2 login,False,0,,,,
sahat/hackathon-starter,0ef54bc01537d56497a3d89530a4ec064eaf740b,8ac4e11ea3b44453c1951e3a10f3180646c8e4c5,2013-11-16T13:24:06-05:00,hbs,added a new fancy login form,False,0,,,,
sahat/hackathon-starter,2410aaa74a489f008cc36efb6d43c55d983339d6,972f9faba950b5d8236a81ebbec37b6088e2260b,2013-11-14T00:46:43-05:00,passport-facebook,cleaner assets structure,False,0,323,,1.6078,
sahat/hackathon-starter,2410aaa74a489f008cc36efb6d43c55d983339d6,972f9faba950b5d8236a81ebbec37b6088e2260b,2013-11-14T00:46:43-05:00,passport-google,cleaner assets structure,False,0,323,,1.6078,
sahat/hackathon-starter,2410aaa74a489f008cc36efb6d43c55d983339d6,972f9faba950b5d8236a81ebbec37b6088e2260b,2013-11-14T00:46:43-05:00,passport-linkedin,cleaner assets structure,False,0,323,,1.6078,
sahat/hackathon-starter,2410aaa74a489f008cc36efb6d43c55d983339d6,972f9faba950b5d8236a81ebbec37b6088e2260b,2013-11-14T00:46:43-05:00,passport-twitter,cleaner assets structure,False,0,323,,1.6078,
sahat/hackathon-starter,56eb0e4e73f114164c3639f55a9da0eb063948e8,cd1af7e23057358bfa6ef6e2c8d92495d16d7d28,2013-11-14T00:15:52-05:00,crypto,converted all auth functions to use mongoose,False,0,1318,2328,1.596,2.3625
sahat/hackathon-starter,14c406bc338cee13f5908c7fd753bd6e17d0986a,fc5563c70c8c3e7609793b23b9213c4531183bdd,2013-11-13T18:09:22-05:00,connect-mongo,cleaned up package.json,False,0,1372,1372,1.6313,1.6313
sahat/hackathon-starter,14c406bc338cee13f5908c7fd753bd6e17d0986a,fc5563c70c8c3e7609793b23b9213c4531183bdd,2013-11-13T18:09:22-05:00,connect-flash,cleaned up package.json,False,0,1372,1372,1.6313,1.6313
sahat/hackathon-starter,14c406bc338cee13f5908c7fd753bd6e17d0986a,fc5563c70c8c3e7609793b23b9213c4531183bdd,2013-11-13T18:09:22-05:00,passport-github,cleaned up package.json,False,0,1372,1372,1.6313,1.6313
sahat/hackathon-starter,14c406bc338cee13f5908c7fd753bd6e17d0986a,fc5563c70c8c3e7609793b23b9213c4531183bdd,2013-11-13T18:09:22-05:00,passport-google-oauth,cleaned up package.json,False,0,1372,1372,1.6313,1.6313
sahat/hackathon-starter,14c406bc338cee13f5908c7fd753bd6e17d0986a,fc5563c70c8c3e7609793b23b9213c4531183bdd,2013-11-13T18:09:22-05:00,view-helpers,cleaned up package.json,False,0,1372,1372,1.6313,1.6313
sahat/hackathon-starter,14c406bc338cee13f5908c7fd753bd6e17d0986a,fc5563c70c8c3e7609793b23b9213c4531183bdd,2013-11-13T18:09:22-05:00,mean-logger,cleaned up package.json,False,0,1372,1372,1.6313,1.6313
sahat/hackathon-starter,14c406bc338cee13f5908c7fd753bd6e17d0986a,fc5563c70c8c3e7609793b23b9213c4531183bdd,2013-11-13T18:09:22-05:00,bower,cleaned up package.json,False,0,1372,1372,1.6313,1.6313
sahat/hackathon-starter,14c406bc338cee13f5908c7fd753bd6e17d0986a,fc5563c70c8c3e7609793b23b9213c4531183bdd,2013-11-13T18:09:22-05:00,grunt,cleaned up package.json,False,0,1372,1372,1.6313,1.6313
sahat/hackathon-starter,14c406bc338cee13f5908c7fd753bd6e17d0986a,fc5563c70c8c3e7609793b23b9213c4531183bdd,2013-11-13T18:09:22-05:00,grunt-cli,cleaned up package.json,False,0,1372,1372,1.6313,1.6313
sahat/hackathon-starter,14c406bc338cee13f5908c7fd753bd6e17d0986a,fc5563c70c8c3e7609793b23b9213c4531183bdd,2013-11-13T18:09:22-05:00,grunt-env,cleaned up package.json,False,0,1372,1372,1.6313,1.6313
drawdb-io/drawdb,66f41d591ac58ad2135f0b0e3fc40b5861116db5,9ff6d50ff208ffc9467f7212450472a4d19ac987,2025-04-21T22:42:48+04:00,octokit,Remove octokit (#417),False,0,,,,
drawdb-io/drawdb,adf647483c2ec6fe72c9e40b34a2b5e5fd26a518,00e97653cb90fa6fc2341667df41f72ce4006040,2025-04-12T20:50:47+04:00,@codemirror/lang-json,Switch to monaco-editor from codemirror (#403),False,0,,,,
drawdb-io/drawdb,adf647483c2ec6fe72c9e40b34a2b5e5fd26a518,00e97653cb90fa6fc2341667df41f72ce4006040,2025-04-12T20:50:47+04:00,@codemirror/lang-sql,Switch to monaco-editor from codemirror (#403),False,0,,,,
drawdb-io/drawdb,adf647483c2ec6fe72c9e40b34a2b5e5fd26a518,00e97653cb90fa6fc2341667df41f72ce4006040,2025-04-12T20:50:47+04:00,@uiw/codemirror-theme-github,Switch to monaco-editor from codemirror (#403),False,0,,,,
drawdb-io/drawdb,adf647483c2ec6fe72c9e40b34a2b5e5fd26a518,00e97653cb90fa6fc2341667df41f72ce4006040,2025-04-12T20:50:47+04:00,@uiw/codemirror-theme-vscode,Switch to monaco-editor from codemirror (#403),False,0,,,,
drawdb-io/drawdb,adf647483c2ec6fe72c9e40b34a2b5e5fd26a518,00e97653cb90fa6fc2341667df41f72ce4006040,2025-04-12T20:50:47+04:00,@uiw/react-codemirror,Switch to monaco-editor from codemirror (#403),False,0,,,,
drawdb-io/drawdb,3656d600994bf90cc58303737ee358ab5a09434b,38534551fca76771335885b5a73a6dec9eb6d788,2024-04-19T17:28:32+03:00,@monaco-editor/react,Switch to codemirror,False,0,15054,15064,1.7059,1.7052
drawdb-io/drawdb,c9ad695abbe5be315e6127c7cd43318dc0883370,aac1eb45846b684f91e7c5bf5b867729e377f129,2024-03-07T13:28:43+02:00,react-cookie,Clean up dependencies,False,0,16311,16311,1.738,1.738
drawdb-io/drawdb,c9ad695abbe5be315e6127c7cd43318dc0883370,aac1eb45846b684f91e7c5bf5b867729e377f129,2024-03-07T13:28:43+02:00,react-icons,Clean up dependencies,False,0,16311,16311,1.738,1.738
drawdb-io/drawdb,7cea7c9f5fed9c0d22aca57023ab7543756ca447,604bed67dd4e27a324553710f0c6fe523c5198a3,2024-02-12T21:05:21+02:00,react-google-recaptcha,Fix dependencies,False,0,15519,15563,1.7132,1.7132
drawdb-io/drawdb,7cea7c9f5fed9c0d22aca57023ab7543756ca447,604bed67dd4e27a324553710f0c6fe523c5198a3,2024-02-12T21:05:21+02:00,react-router,Fix dependencies,False,0,15519,15563,1.7132,1.7132
drawdb-io/drawdb,7cea7c9f5fed9c0d22aca57023ab7543756ca447,604bed67dd4e27a324553710f0c6fe523c5198a3,2024-02-12T21:05:21+02:00,socket.io-client,Fix dependencies,False,0,15519,15563,1.7132,1.7132
drawdb-io/drawdb,7cea7c9f5fed9c0d22aca57023ab7543756ca447,604bed67dd4e27a324553710f0c6fe523c5198a3,2024-02-12T21:05:21+02:00,unique-names-generator,Fix dependencies,False,0,15519,15563,1.7132,1.7132
drawdb-io/drawdb,46685a98fee4cc62d17fbfb02c06c856146323e8,503d55b528bb7739d299f175c87f28152f094d2e,2023-12-16T05:39:13+02:00,@testing-library/jest-dom,Migrate to Vite from CRA,False,0,13996,13978,1.654,1.6539
drawdb-io/drawdb,46685a98fee4cc62d17fbfb02c06c856146323e8,503d55b528bb7739d299f175c87f28152f094d2e,2023-12-16T05:39:13+02:00,@testing-library/react,Migrate to Vite from CRA,False,0,13996,13978,1.654,1.6539
drawdb-io/drawdb,46685a98fee4cc62d17fbfb02c06c856146323e8,503d55b528bb7739d299f175c87f28152f094d2e,2023-12-16T05:39:13+02:00,@testing-library/user-event,Migrate to Vite from CRA,False,0,13996,13978,1.654,1.6539
drawdb-io/drawdb,46685a98fee4cc62d17fbfb02c06c856146323e8,503d55b528bb7739d299f175c87f28152f094d2e,2023-12-16T05:39:13+02:00,node-sql-parser,Migrate to Vite from CRA,False,0,13996,13978,1.654,1.6539
drawdb-io/drawdb,46685a98fee4cc62d17fbfb02c06c856146323e8,503d55b528bb7739d299f175c87f28152f094d2e,2023-12-16T05:39:13+02:00,react-scripts,Migrate to Vite from CRA,False,0,13996,13978,1.654,1.6539
drawdb-io/drawdb,46685a98fee4cc62d17fbfb02c06c856146323e8,503d55b528bb7739d299f175c87f28152f094d2e,2023-12-16T05:39:13+02:00,url,Migrate to Vite from CRA,False,0,13996,13978,1.654,1.6539
drawdb-io/drawdb,46685a98fee4cc62d17fbfb02c06c856146323e8,503d55b528bb7739d299f175c87f28152f094d2e,2023-12-16T05:39:13+02:00,web-vitals,Migrate to Vite from CRA,False,0,13996,13978,1.654,1.6539
drawdb-io/drawdb,45c95c7f116e15d80b22361628bb0b6e153bfb78,f2b02e5d429697765d3fb1da474847f48e9e2052,2023-09-19T15:51:59+03:00,slate,Add rich text editot,False,0,9313,10288,1.6343,1.6567
drawdb-io/drawdb,45c95c7f116e15d80b22361628bb0b6e153bfb78,f2b02e5d429697765d3fb1da474847f48e9e2052,2023-09-19T15:51:59+03:00,slate-react,Add rich text editot,False,0,9313,10288,1.6343,1.6567
drawdb-io/drawdb,38da28ac9989aabef224e267e04723b322c1d962,ac09ad7112e0eaa8087ba4b9621c000ddd4b256c,2023-09-19T15:50:37+03:00,@codemirror/lang-json,migrate to monaco editor,False,0,6182,6141,1.4669,1.4677
drawdb-io/drawdb,38da28ac9989aabef224e267e04723b322c1d962,ac09ad7112e0eaa8087ba4b9621c000ddd4b256c,2023-09-19T15:50:37+03:00,@codemirror/lang-sql,migrate to monaco editor,False,0,6182,6141,1.4669,1.4677
drawdb-io/drawdb,38da28ac9989aabef224e267e04723b322c1d962,ac09ad7112e0eaa8087ba4b9621c000ddd4b256c,2023-09-19T15:50:37+03:00,@lezer/highlight,migrate to monaco editor,False,0,6182,6141,1.4669,1.4677
drawdb-io/drawdb,38da28ac9989aabef224e267e04723b322c1d962,ac09ad7112e0eaa8087ba4b9621c000ddd4b256c,2023-09-19T15:50:37+03:00,@uiw/codemirror-themes,migrate to monaco editor,False,0,6182,6141,1.4669,1.4677
drawdb-io/drawdb,38da28ac9989aabef224e267e04723b322c1d962,ac09ad7112e0eaa8087ba4b9621c000ddd4b256c,2023-09-19T15:50:37+03:00,@uiw/react-codemirror,migrate to monaco editor,False,0,6182,6141,1.4669,1.4677
drawdb-io/drawdb,38da28ac9989aabef224e267e04723b322c1d962,ac09ad7112e0eaa8087ba4b9621c000ddd4b256c,2023-09-19T15:50:37+03:00,codemirror,migrate to monaco editor,False,0,6182,6141,1.4669,1.4677
drawdb-io/drawdb,38da28ac9989aabef224e267e04723b322c1d962,ac09ad7112e0eaa8087ba4b9621c000ddd4b256c,2023-09-19T15:50:37+03:00,react-dnd,migrate to monaco editor,False,0,6182,6141,1.4669,1.4677
drawdb-io/drawdb,38da28ac9989aabef224e267e04723b322c1d962,ac09ad7112e0eaa8087ba4b9621c000ddd4b256c,2023-09-19T15:50:37+03:00,react-dnd-html5-backend,migrate to monaco editor,False,0,6182,6141,1.4669,1.4677
drawdb-io/drawdb,44e179f15abf920a8f25b33cde4cc82e6e0a4233,16bc0edd366ae9eaa75f69d6daa676e7648b52bf,2023-09-19T15:50:02+03:00,lodash,yum,False,0,4806,4892,1.391,1.3975
drawdb-io/drawdb,16102ac7a9d7df85c8b95126cf225f1a47ddf862,f71671ea7ef42a9b211daded69b38228a67725ea,2023-09-19T15:48:30+03:00,@arco-design/web-react,Remove resizable lib,False,0,2812,2829,1.2285,1.2316
drawdb-io/drawdb,16102ac7a9d7df85c8b95126cf225f1a47ddf862,f71671ea7ef42a9b211daded69b38228a67725ea,2023-09-19T15:48:30+03:00,react-resizable,Remove resizable lib,False,0,2812,2829,1.2285,1.2316
drawdb-io/drawdb,c83667be4ec15e4ac5c533353d68a0730ef6cd14,76b9f7fc943c78e0b755b5ba30d9cb40d93a70c3,2023-09-19T15:48:24+03:00,html2canvas,brr,False,0,2542,2541,1.3333,1.3353
drawdb-io/drawdb,99c74070490b2d796536e1a7cea97aa30f7ffe4b,1fb3239db085ec6cbaacc7260002209a10c8087c,2023-09-19T15:47:08+03:00,jointjs,yeet jointjs,False,0,466,461,1.2105,1.2105
typicode/husky,a8e427a3db58086afd3ebe5d9595e30c6837b216,4e7c6dceed6eb323c58faeca2c201c6f8f999cfa,2021-07-01T06:32:55+02:00,husky,feat: husky 7,False,0,218,129,2.3333,1.8462
typicode/husky,6000b22981b6835bd5aefc37493938f65cea30bf,e5531f1d4ca3c72148660b8ec66d502daf34dd8b,2020-09-13T03:34:37+02:00,chalk,remove all files,False,0,,,,
typicode/husky,6000b22981b6835bd5aefc37493938f65cea30bf,e5531f1d4ca3c72148660b8ec66d502daf34dd8b,2020-09-13T03:34:37+02:00,ci-info,remove all files,False,0,,,,
typicode/husky,6000b22981b6835bd5aefc37493938f65cea30bf,e5531f1d4ca3c72148660b8ec66d502daf34dd8b,2020-09-13T03:34:37+02:00,compare-versions,remove all files,False,0,,,,
typicode/husky,6000b22981b6835bd5aefc37493938f65cea30bf,e5531f1d4ca3c72148660b8ec66d502daf34dd8b,2020-09-13T03:34:37+02:00,cosmiconfig,remove all files,False,0,,,,
typicode/husky,6000b22981b6835bd5aefc37493938f65cea30bf,e5531f1d4ca3c72148660b8ec66d502daf34dd8b,2020-09-13T03:34:37+02:00,find-versions,remove all files,False,0,,,,
typicode/husky,6000b22981b6835bd5aefc37493938f65cea30bf,e5531f1d4ca3c72148660b8ec66d502daf34dd8b,2020-09-13T03:34:37+02:00,opencollective-postinstall,remove all files,False,0,,,,
typicode/husky,6000b22981b6835bd5aefc37493938f65cea30bf,e5531f1d4ca3c72148660b8ec66d502daf34dd8b,2020-09-13T03:34:37+02:00,pkg-dir,remove all files,False,0,,,,
typicode/husky,6000b22981b6835bd5aefc37493938f65cea30bf,e5531f1d4ca3c72148660b8ec66d502daf34dd8b,2020-09-13T03:34:37+02:00,please-upgrade-node,remove all files,False,0,,,,
typicode/husky,6000b22981b6835bd5aefc37493938f65cea30bf,e5531f1d4ca3c72148660b8ec66d502daf34dd8b,2020-09-13T03:34:37+02:00,slash,remove all files,False,0,,,,
typicode/husky,6000b22981b6835bd5aefc37493938f65cea30bf,e5531f1d4ca3c72148660b8ec66d502daf34dd8b,2020-09-13T03:34:37+02:00,which-pm-runs,remove all files,False,0,,,,
typicode/husky,0eb20f277d9f7d66d47a73570f3b2ef276497d96,e84f4077d0c2ad17eb05c673debd250d40c7cf12,2020-01-14T16:22:55+01:00,get-stdin,read stdin from hook script (#645),False,0,,,,
typicode/husky,0ffe7853853dd7667ddc24a78469b92b5312aeb2,436ca18836f1fa13c3e96ddb27e65a1c87d761b2,2020-01-07T00:43:44+01:00,execa,Merge 4.0 (#625),False,0,,,,
typicode/husky,0ffe7853853dd7667ddc24a78469b92b5312aeb2,436ca18836f1fa13c3e96ddb27e65a1c87d761b2,2020-01-07T00:43:44+01:00,read-pkg,Merge 4.0 (#625),False,0,,,,
typicode/husky,0ffe7853853dd7667ddc24a78469b92b5312aeb2,436ca18836f1fa13c3e96ddb27e65a1c87d761b2,2020-01-07T00:43:44+01:00,run-node,Merge 4.0 (#625),False,0,,,,
typicode/husky,89b0ffc00fb039114092898560a65bcc0bedd023,e15d4bd408ae64303addf8676b3f09c445926d84,2019-10-12T04:00:31+02:00,is-ci,Removing is-ci in favor of ci-info (#579),False,0,,,,
typicode/husky,de75acb0a27bdab1ab3013cf0adda34b172cde2c,40790602295a8d7a7d2244e118d44339650de42e,2019-06-24T01:22:54+02:00,find-up,Use git rev-parse (#508),False,0,,,,
typicode/husky,b7d4a69f6d0e852b046e1ea21501c333cecf7630,747c555be1b1d762a3ae0abbebd0676beb865453,2018-09-22T01:20:22+02:00,normalize-path,v1.0.0-rc.14 (#301),False,0,535,,2.0789,
typicode/husky,b7d4a69f6d0e852b046e1ea21501c333cecf7630,747c555be1b1d762a3ae0abbebd0676beb865453,2018-09-22T01:20:22+02:00,strip-indent,v1.0.0-rc.14 (#301),False,0,535,,2.0789,
typicode/husky,e649c6b50b9f886c0281206cd45ee351e1420ad5,3ba3c349106f5ca2800aa599a396f81e657f2402,2017-06-22T19:55:43+02:00,chalk,0.14 (#142),False,0,448,473,2.3214,2.1333
typicode/husky,e649c6b50b9f886c0281206cd45ee351e1420ad5,3ba3c349106f5ca2800aa599a396f81e657f2402,2017-06-22T19:55:43+02:00,find-parent-dir,0.14 (#142),False,0,448,473,2.3214,2.1333
danielmiessler/Fabric,cbd2ffe81dff7861482e359c71470e3079813063,86b76faa5b82608a748aaf7a6e4856f709dae01e,2024-12-24T05:18:36-05:00,rehype-autolink-headings,Updated POSTS to make main 24-12-08,False,0,1713,2008,2.2326,2.0515
danielmiessler/Fabric,cbd2ffe81dff7861482e359c71470e3079813063,86b76faa5b82608a748aaf7a6e4856f709dae01e,2024-12-24T05:18:36-05:00,rehype-slug,Updated POSTS to make main 24-12-08,False,0,1713,2008,2.2326,2.0515
danielmiessler/Fabric,7399d844463d811feff78940373c8b9037276640,85e3a4d4850500033400f038648ede3ff6ca83ec,2024-08-16T15:43:27-04:00,@anthropic-ai/sdk,initial,False,0,966,,2.9733,
danielmiessler/Fabric,7399d844463d811feff78940373c8b9037276640,85e3a4d4850500033400f038648ede3ff6ca83ec,2024-08-16T15:43:27-04:00,axios,initial,False,0,966,,2.9733,
danielmiessler/Fabric,7399d844463d811feff78940373c8b9037276640,85e3a4d4850500033400f038648ede3ff6ca83ec,2024-08-16T15:43:27-04:00,mammoth,initial,False,0,966,,2.9733,
danielmiessler/Fabric,7399d844463d811feff78940373c8b9037276640,85e3a4d4850500033400f038648ede3ff6ca83ec,2024-08-16T15:43:27-04:00,node-fetch,initial,False,0,966,,2.9733,
danielmiessler/Fabric,7399d844463d811feff78940373c8b9037276640,85e3a4d4850500033400f038648ede3ff6ca83ec,2024-08-16T15:43:27-04:00,ollama,initial,False,0,966,,2.9733,
danielmiessler/Fabric,7399d844463d811feff78940373c8b9037276640,85e3a4d4850500033400f038648ede3ff6ca83ec,2024-08-16T15:43:27-04:00,pdf-parse,initial,False,0,966,,2.9733,
danielmiessler/Fabric,7399d844463d811feff78940373c8b9037276640,85e3a4d4850500033400f038648ede3ff6ca83ec,2024-08-16T15:43:27-04:00,unzipper,initial,False,0,966,,2.9733,
zenorocha/clipboard.js,24f6e1f541536e3c5a31604f996362c2bf50af51,5bdfff6375a9b57801d8692405dc698189448042,2015-10-28T12:56:38-07:00,babelify,Moves babel to devDependencies,False,0,1449,1449,1.7955,1.7955
zenorocha/clipboard.js,24f6e1f541536e3c5a31604f996362c2bf50af51,5bdfff6375a9b57801d8692405dc698189448042,2015-10-28T12:56:38-07:00,browserify,Moves babel to devDependencies,False,0,1449,1449,1.7955,1.7955
zenorocha/clipboard.js,6b1f6b22a65a0751a5e2ab04504f06c14673c4b4,705e2dbefdf40911ee2fe266a514b982d3edd0b6,2015-10-26T01:06:29-07:00,delegate,Allows HTML elements to be passed in the constructor - Fixes #25,False,0,1336,1294,1.7788,1.8
zenorocha/clipboard.js,70b2548a8032a696c2f10d522ad8ca6b96a2ecc0,c6dc01cc298dd9793ad81eb4e159128913d74469,2015-10-20T12:35:25-07:00,delegate-events,Migrates to delegate fork,False,0,1370,1370,1.7826,1.7826
zenorocha/clipboard.js,3610bfa08cd11b3cec4d25e615ac685dbfa1c85d,ced945f11ae152a8423dad6986dd30aeb784bd47,2015-09-24T18:19:40-07:00,custom-event,Emits event on base class instead of each element for better performance,False,0,305,295,2.3803,2.4865
zenorocha/clipboard.js,718c1b33f0103ba8d0d7286cdf3ddb9775447c06,702d353447742466ac51d0e2410c5471dbb84307,2015-09-19T03:23:09-07:00,babel,Removes files that should belong only to gh-pages,False,0,95,95,2.1579,2.1579
zenorocha/clipboard.js,718c1b33f0103ba8d0d7286cdf3ddb9775447c06,702d353447742466ac51d0e2410c5471dbb84307,2015-09-19T03:23:09-07:00,uglify,Removes files that should belong only to gh-pages,False,0,95,95,2.1579,2.1579
atlassian/react-beautiful-dnd,f04fb494af0a18a76b52e46efec989fd494db725,ebe816c23f9a60c0d88d65a12dbb446a17f2418d,2020-01-28T17:42:42+03:00,@babel/runtime-corejs2,Drop core-js in favour of custom fallbacks,False,0,,,,
atlassian/react-beautiful-dnd,35bacd7a833e3bee4fa31f03d270a80837068020,11517993622968807b123a3e46b17ffba1b0c96f,2019-11-15T10:04:47+02:00,jest-axe,Change dependency to dev,False,0,,,,
atlassian/react-beautiful-dnd,24a8e6021600920c0b2a28f89d5ffb17538fe96c,e76574bd4e64b0509401a5b90e5cd756495faafc,2019-10-29T09:40:24+11:00,tiny-invariant,12.0 (#1487),False,0,,,,
atlassian/react-beautiful-dnd,82482675405eef23c2cbfbec6c53e9dc7b86764a,5ae73147dca38e36c2f98feecd227cb236e14730,2019-04-15T14:54:17+10:00,prop-types,11.0 🎣 (#1236),False,0,,,,
atlassian/react-beautiful-dnd,a7438c149cfa48bab68616d5269fb05a6337b661,d6be54835622ff22dfa839e1c50d24e661cb3e38,2019-01-29T14:44:45+11:00,@atlaskit/css-reset,goodbye for now (#1076),False,0,,,,
atlassian/react-beautiful-dnd,a7438c149cfa48bab68616d5269fb05a6337b661,d6be54835622ff22dfa839e1c50d24e661cb3e38,2019-01-29T14:44:45+11:00,find-up,goodbye for now (#1076),False,0,,,,
atlassian/react-beautiful-dnd,a7438c149cfa48bab68616d5269fb05a6337b661,d6be54835622ff22dfa839e1c50d24e661cb3e38,2019-01-29T14:44:45+11:00,gatsby,goodbye for now (#1076),False,0,,,,
atlassian/react-beautiful-dnd,a7438c149cfa48bab68616d5269fb05a6337b661,d6be54835622ff22dfa839e1c50d24e661cb3e38,2019-01-29T14:44:45+11:00,gatsby-plugin-flow,goodbye for now (#1076),False,0,,,,
atlassian/react-beautiful-dnd,a7438c149cfa48bab68616d5269fb05a6337b661,d6be54835622ff22dfa839e1c50d24e661cb3e38,2019-01-29T14:44:45+11:00,gatsby-plugin-react-helmet,goodbye for now (#1076),False,0,,,,
atlassian/react-beautiful-dnd,a7438c149cfa48bab68616d5269fb05a6337b661,d6be54835622ff22dfa839e1c50d24e661cb3e38,2019-01-29T14:44:45+11:00,gatsby-plugin-sharp,goodbye for now (#1076),False,0,,,,
atlassian/react-beautiful-dnd,a7438c149cfa48bab68616d5269fb05a6337b661,d6be54835622ff22dfa839e1c50d24e661cb3e38,2019-01-29T14:44:45+11:00,gatsby-plugin-styled-components,goodbye for now (#1076),False,0,,,,
atlassian/react-beautiful-dnd,a7438c149cfa48bab68616d5269fb05a6337b661,d6be54835622ff22dfa839e1c50d24e661cb3e38,2019-01-29T14:44:45+11:00,gatsby-remark-a11y-emoji,goodbye for now (#1076),False,0,,,,
atlassian/react-beautiful-dnd,a7438c149cfa48bab68616d5269fb05a6337b661,d6be54835622ff22dfa839e1c50d24e661cb3e38,2019-01-29T14:44:45+11:00,gatsby-remark-images,goodbye for now (#1076),False,0,,,,
atlassian/react-beautiful-dnd,a7438c149cfa48bab68616d5269fb05a6337b661,d6be54835622ff22dfa839e1c50d24e661cb3e38,2019-01-29T14:44:45+11:00,gatsby-remark-prettier,goodbye for now (#1076),False,0,,,,
atlassian/react-beautiful-dnd,a7438c149cfa48bab68616d5269fb05a6337b661,d6be54835622ff22dfa839e1c50d24e661cb3e38,2019-01-29T14:44:45+11:00,gatsby-remark-prismjs,goodbye for now (#1076),False,0,,,,
atlassian/react-beautiful-dnd,a7438c149cfa48bab68616d5269fb05a6337b661,d6be54835622ff22dfa839e1c50d24e661cb3e38,2019-01-29T14:44:45+11:00,gatsby-remark-smartypants,goodbye for now (#1076),False,0,,,,
atlassian/react-beautiful-dnd,a7438c149cfa48bab68616d5269fb05a6337b661,d6be54835622ff22dfa839e1c50d24e661cb3e38,2019-01-29T14:44:45+11:00,gatsby-remark-unwrap-images,goodbye for now (#1076),False,0,,,,
atlassian/react-beautiful-dnd,a7438c149cfa48bab68616d5269fb05a6337b661,d6be54835622ff22dfa839e1c50d24e661cb3e38,2019-01-29T14:44:45+11:00,gatsby-source-filesystem,goodbye for now (#1076),False,0,,,,
atlassian/react-beautiful-dnd,a7438c149cfa48bab68616d5269fb05a6337b661,d6be54835622ff22dfa839e1c50d24e661cb3e38,2019-01-29T14:44:45+11:00,gatsby-transformer-remark,goodbye for now (#1076),False,0,,,,
atlassian/react-beautiful-dnd,a7438c149cfa48bab68616d5269fb05a6337b661,d6be54835622ff22dfa839e1c50d24e661cb3e38,2019-01-29T14:44:45+11:00,lodash.lowercase,goodbye for now (#1076),False,0,,,,
atlassian/react-beautiful-dnd,a7438c149cfa48bab68616d5269fb05a6337b661,d6be54835622ff22dfa839e1c50d24e661cb3e38,2019-01-29T14:44:45+11:00,prism-themes,goodbye for now (#1076),False,0,,,,
atlassian/react-beautiful-dnd,a7438c149cfa48bab68616d5269fb05a6337b661,d6be54835622ff22dfa839e1c50d24e661cb3e38,2019-01-29T14:44:45+11:00,prismjs,goodbye for now (#1076),False,0,,,,
atlassian/react-beautiful-dnd,a7438c149cfa48bab68616d5269fb05a6337b661,d6be54835622ff22dfa839e1c50d24e661cb3e38,2019-01-29T14:44:45+11:00,react,goodbye for now (#1076),False,0,,,,
atlassian/react-beautiful-dnd,a7438c149cfa48bab68616d5269fb05a6337b661,d6be54835622ff22dfa839e1c50d24e661cb3e38,2019-01-29T14:44:45+11:00,react-codesandboxer,goodbye for now (#1076),False,0,,,,
atlassian/react-beautiful-dnd,a7438c149cfa48bab68616d5269fb05a6337b661,d6be54835622ff22dfa839e1c50d24e661cb3e38,2019-01-29T14:44:45+11:00,react-dom,goodbye for now (#1076),False,0,,,,
atlassian/react-beautiful-dnd,a7438c149cfa48bab68616d5269fb05a6337b661,d6be54835622ff22dfa839e1c50d24e661cb3e38,2019-01-29T14:44:45+11:00,react-helmet,goodbye for now (#1076),False,0,,,,
atlassian/react-beautiful-dnd,a7438c149cfa48bab68616d5269fb05a6337b661,d6be54835622ff22dfa839e1c50d24e661cb3e38,2019-01-29T14:44:45+11:00,react-icons,goodbye for now (#1076),False,0,,,,
atlassian/react-beautiful-dnd,a7438c149cfa48bab68616d5269fb05a6337b661,d6be54835622ff22dfa839e1c50d24e661cb3e38,2019-01-29T14:44:45+11:00,react-media,goodbye for now (#1076),False,0,,,,
atlassian/react-beautiful-dnd,a7438c149cfa48bab68616d5269fb05a6337b661,d6be54835622ff22dfa839e1c50d24e661cb3e38,2019-01-29T14:44:45+11:00,styled-components,goodbye for now (#1076),False,0,,,,
atlassian/react-beautiful-dnd,a3c7db1b585b4b65d545bd64798613b4d33b7ef3,3bd3e0d3961094815b13978fb77065e2cce8cca3,2018-12-11T16:38:01+11:00,emotion,bumping deps (#1000),False,0,,,,
atlassian/react-beautiful-dnd,a3c7db1b585b4b65d545bd64798613b4d33b7ef3,3bd3e0d3961094815b13978fb77065e2cce8cca3,2018-12-11T16:38:01+11:00,emotion-server,bumping deps (#1000),False,0,,,,
atlassian/react-beautiful-dnd,a3c7db1b585b4b65d545bd64798613b4d33b7ef3,3bd3e0d3961094815b13978fb77065e2cce8cca3,2018-12-11T16:38:01+11:00,gatsby-plugin-emotion,bumping deps (#1000),False,0,,,,
atlassian/react-beautiful-dnd,a3c7db1b585b4b65d545bd64798613b4d33b7ef3,3bd3e0d3961094815b13978fb77065e2cce8cca3,2018-12-11T16:38:01+11:00,react-emotion,bumping deps (#1000),False,0,,,,
atlassian/react-beautiful-dnd,65a6899939c89a47a6bc682b0c2a9e1d7d499fa8,158ed3c06948aee96aa6f20ebc2d003030a73522,2018-11-20T17:24:16+11:00,prettier,Website love (#939),False,0,,,,
atlassian/react-beautiful-dnd,3dbb70446309a347c131a65c6cad28196c72818a,5fc46a8296e8a91ab7e417d0a948c2f69cfafd43,2018-11-12T10:31:01+11:00,react-motion,next (wip) (#823),False,0,,,,
atlassian/react-beautiful-dnd,7330551fe799569b99a26fe728b8a37647d5da6a,f13939396cc5ebf86153f55215881d06ee44ab7e,2018-08-27T15:48:19+10:00,babel-plugin-emotion,Website wip (#762),False,0,,,,
atlassian/react-beautiful-dnd,7330551fe799569b99a26fe728b8a37647d5da6a,f13939396cc5ebf86153f55215881d06ee44ab7e,2018-08-27T15:48:19+10:00,@atlaskit/icon,Website wip (#762),False,0,,,,
atlassian/react-beautiful-dnd,7330551fe799569b99a26fe728b8a37647d5da6a,f13939396cc5ebf86153f55215881d06ee44ab7e,2018-08-27T15:48:19+10:00,@atlaskit/theme,Website wip (#762),False,0,,,,
atlassian/react-beautiful-dnd,f13939396cc5ebf86153f55215881d06ee44ab7e,9a33ead7fc18717c412d9f8b28d7567abaf23650,2018-08-23T08:26:59+10:00,gatsby-link,Gatsby v2  (#725),False,0,,,,
atlassian/react-beautiful-dnd,9a33ead7fc18717c412d9f8b28d7567abaf23650,dc16558cea065dc8f539cb8defb2086438b68d7a,2018-08-22T10:46:53+10:00,gatsby-plugin-styled-components,Use emotion instead of styled components (#722),False,0,,,,
atlassian/react-beautiful-dnd,19b7ebf1fcb214df3d3007437c6f3bf161b7b1be,30062594ab74df05c6e58734506d27bbb1ce2659,2018-08-07T19:38:37+10:00,@babel/runtime,Upgrade to babel beta 56 (#687),False,0,,,,
atlassian/react-beautiful-dnd,fc4e6380c63c9b394119937d312a2693f4e5a13b,1e83642aa23f1489964a5cdc6e2a6b9d396afd65,2018-07-03T17:20:22+10:00,babel-runtime,Merging dev to master (#607),False,0,,,,
atlassian/react-beautiful-dnd,fc4e6380c63c9b394119937d312a2693f4e5a13b,1e83642aa23f1489964a5cdc6e2a6b9d396afd65,2018-07-03T17:20:22+10:00,redux-thunk,Merging dev to master (#607),False,0,,,,
atlassian/react-beautiful-dnd,fc4e6380c63c9b394119937d312a2693f4e5a13b,1e83642aa23f1489964a5cdc6e2a6b9d396afd65,2018-07-03T17:20:22+10:00,reselect,Merging dev to master (#607),False,0,,,,
atlassian/react-beautiful-dnd,82a387d9af05c25777a833a6cfd8e17a159fc4df,848e79e60945ea43b5248222424cd54955be7339,2018-04-17T21:01:09+10:00,invariant,Upgrading deps (#446),False,0,,,,
atlassian/react-beautiful-dnd,c9b8333f667b17dc12f50ba905bbb9ae461541a4,56228d502f7b2379b41a29674c41b375e618da19,2018-04-08T20:43:51+10:00,gatsby-cli,Website 2 (#424),False,0,55150,54449,1.5179,1.5086
atlassian/react-beautiful-dnd,c9b8333f667b17dc12f50ba905bbb9ae461541a4,56228d502f7b2379b41a29674c41b375e618da19,2018-04-08T20:43:51+10:00,gatsby-plugin-catch-links,Website 2 (#424),False,0,55150,54449,1.5179,1.5086
atlassian/react-beautiful-dnd,c9b8333f667b17dc12f50ba905bbb9ae461541a4,56228d502f7b2379b41a29674c41b375e618da19,2018-04-08T20:43:51+10:00,gatsby-plugin-google-fonts,Website 2 (#424),False,0,55150,54449,1.5179,1.5086
atlassian/react-beautiful-dnd,c9b8333f667b17dc12f50ba905bbb9ae461541a4,56228d502f7b2379b41a29674c41b375e618da19,2018-04-08T20:43:51+10:00,gatsby-plugin-manifest,Website 2 (#424),False,0,55150,54449,1.5179,1.5086
atlassian/react-beautiful-dnd,c9b8333f667b17dc12f50ba905bbb9ae461541a4,56228d502f7b2379b41a29674c41b375e618da19,2018-04-08T20:43:51+10:00,gatsby-plugin-nprogress,Website 2 (#424),False,0,55150,54449,1.5179,1.5086
atlassian/react-beautiful-dnd,c9b8333f667b17dc12f50ba905bbb9ae461541a4,56228d502f7b2379b41a29674c41b375e618da19,2018-04-08T20:43:51+10:00,gatsby-plugin-offline,Website 2 (#424),False,0,55150,54449,1.5179,1.5086
atlassian/react-beautiful-dnd,c9b8333f667b17dc12f50ba905bbb9ae461541a4,56228d502f7b2379b41a29674c41b375e618da19,2018-04-08T20:43:51+10:00,gatsby-plugin-sharp,Website 2 (#424),False,0,55150,54449,1.5179,1.5086
atlassian/react-beautiful-dnd,c9b8333f667b17dc12f50ba905bbb9ae461541a4,56228d502f7b2379b41a29674c41b375e618da19,2018-04-08T20:43:51+10:00,gatsby-plugin-sitemap,Website 2 (#424),False,0,55150,54449,1.5179,1.5086
atlassian/react-beautiful-dnd,c9b8333f667b17dc12f50ba905bbb9ae461541a4,56228d502f7b2379b41a29674c41b375e618da19,2018-04-08T20:43:51+10:00,gatsby-plugin-styled-components,Website 2 (#424),False,0,55150,54449,1.5179,1.5086
atlassian/react-beautiful-dnd,c9b8333f667b17dc12f50ba905bbb9ae461541a4,56228d502f7b2379b41a29674c41b375e618da19,2018-04-08T20:43:51+10:00,gatsby-plugin-twitter,Website 2 (#424),False,0,55150,54449,1.5179,1.5086
atlassian/react-beautiful-dnd,c9b8333f667b17dc12f50ba905bbb9ae461541a4,56228d502f7b2379b41a29674c41b375e618da19,2018-04-08T20:43:51+10:00,gatsby-remark-autolink-headers,Website 2 (#424),False,0,55150,54449,1.5179,1.5086
atlassian/react-beautiful-dnd,c9b8333f667b17dc12f50ba905bbb9ae461541a4,56228d502f7b2379b41a29674c41b375e618da19,2018-04-08T20:43:51+10:00,gatsby-remark-copy-linked-files,Website 2 (#424),False,0,55150,54449,1.5179,1.5086
atlassian/react-beautiful-dnd,c9b8333f667b17dc12f50ba905bbb9ae461541a4,56228d502f7b2379b41a29674c41b375e618da19,2018-04-08T20:43:51+10:00,gatsby-remark-images,Website 2 (#424),False,0,55150,54449,1.5179,1.5086
atlassian/react-beautiful-dnd,c9b8333f667b17dc12f50ba905bbb9ae461541a4,56228d502f7b2379b41a29674c41b375e618da19,2018-04-08T20:43:51+10:00,gatsby-remark-prismjs,Website 2 (#424),False,0,55150,54449,1.5179,1.5086
atlassian/react-beautiful-dnd,c9b8333f667b17dc12f50ba905bbb9ae461541a4,56228d502f7b2379b41a29674c41b375e618da19,2018-04-08T20:43:51+10:00,gatsby-remark-responsive-iframe,Website 2 (#424),False,0,55150,54449,1.5179,1.5086
atlassian/react-beautiful-dnd,c9b8333f667b17dc12f50ba905bbb9ae461541a4,56228d502f7b2379b41a29674c41b375e618da19,2018-04-08T20:43:51+10:00,gatsby-transformer-json,Website 2 (#424),False,0,55150,54449,1.5179,1.5086
atlassian/react-beautiful-dnd,c9b8333f667b17dc12f50ba905bbb9ae461541a4,56228d502f7b2379b41a29674c41b375e618da19,2018-04-08T20:43:51+10:00,lodash.kebabcase,Website 2 (#424),False,0,55150,54449,1.5179,1.5086
atlassian/react-beautiful-dnd,c9b8333f667b17dc12f50ba905bbb9ae461541a4,56228d502f7b2379b41a29674c41b375e618da19,2018-04-08T20:43:51+10:00,react-disqus-comments,Website 2 (#424),False,0,55150,54449,1.5179,1.5086
atlassian/react-beautiful-dnd,c9b8333f667b17dc12f50ba905bbb9ae461541a4,56228d502f7b2379b41a29674c41b375e618da19,2018-04-08T20:43:51+10:00,react-icons,Website 2 (#424),False,0,55150,54449,1.5179,1.5086
atlassian/react-beautiful-dnd,c9b8333f667b17dc12f50ba905bbb9ae461541a4,56228d502f7b2379b41a29674c41b375e618da19,2018-04-08T20:43:51+10:00,react-share,Website 2 (#424),False,0,55150,54449,1.5179,1.5086
atlassian/react-beautiful-dnd,c9b8333f667b17dc12f50ba905bbb9ae461541a4,56228d502f7b2379b41a29674c41b375e618da19,2018-04-08T20:43:51+10:00,react-twitter-widgets,Website 2 (#424),False,0,55150,54449,1.5179,1.5086
atlassian/react-beautiful-dnd,c9b8333f667b17dc12f50ba905bbb9ae461541a4,56228d502f7b2379b41a29674c41b375e618da19,2018-04-08T20:43:51+10:00,styled-components,Website 2 (#424),False,0,55150,54449,1.5179,1.5086
atlassian/react-beautiful-dnd,ecdab862e02c8c0e8db1c39d2432a5ac09ac73f5,738db14896ffdd8569c01121531a852a84ee287a,2017-11-20T14:45:58+11:00,babel-plugin-react-flow-props-to-prop-types,Upgrading all the deps (#181),False,0,24683,33519,1.3953,1.4405
atlassian/react-beautiful-dnd,ecdab862e02c8c0e8db1c39d2432a5ac09ac73f5,738db14896ffdd8569c01121531a852a84ee287a,2017-11-20T14:45:58+11:00,prop-types-extra,Upgrading all the deps (#181),False,0,24683,33519,1.3953,1.4405
atlassian/react-beautiful-dnd,be3a776da48a4d531734510a71bfd628daeeff8c,fb6e25c2b38ee3aa2485fed0db611cbafa912b60,2017-08-11T11:35:13+10:00,@atlaskit/css-reset,Move storybook deps to devDeps (#22),False,0,12289,12289,1.4186,1.4186
atlassian/react-beautiful-dnd,be3a776da48a4d531734510a71bfd628daeeff8c,fb6e25c2b38ee3aa2485fed0db611cbafa912b60,2017-08-11T11:35:13+10:00,@storybook/react,Move storybook deps to devDeps (#22),False,0,12289,12289,1.4186,1.4186
TheAlgorithms/JavaScript,86d333ee94d6ce3f71220d3bc90b56b50381ed7e,0ca18c2b2c2562f6a8dbafd398c3c441d44a73c4,2023-10-04T02:38:19+05:30,@babel/core,"feat: Test running overhaul, switch to Prettier & reformat everything (#1407)",False,0,,,,
TheAlgorithms/JavaScript,86d333ee94d6ce3f71220d3bc90b56b50381ed7e,0ca18c2b2c2562f6a8dbafd398c3c441d44a73c4,2023-10-04T02:38:19+05:30,@babel/plugin-transform-runtime,"feat: Test running overhaul, switch to Prettier & reformat everything (#1407)",False,0,,,,
TheAlgorithms/JavaScript,86d333ee94d6ce3f71220d3bc90b56b50381ed7e,0ca18c2b2c2562f6a8dbafd398c3c441d44a73c4,2023-10-04T02:38:19+05:30,@babel/preset-env,"feat: Test running overhaul, switch to Prettier & reformat everything (#1407)",False,0,,,,
TheAlgorithms/JavaScript,bd7de6a0104ba03d56a5a136ee720c5819d5c8d5,32b9a9900ed11af6fcc005dc9e688e9a896f25f7,2022-10-13T17:27:05+02:00,atob,"chore: Remove unused deps, clean up package.json a bit (#1176)",False,0,,,,
TheAlgorithms/JavaScript,bd7de6a0104ba03d56a5a136ee720c5819d5c8d5,32b9a9900ed11af6fcc005dc9e688e9a896f25f7,2022-10-13T17:27:05+02:00,jsdom,"chore: Remove unused deps, clean up package.json a bit (#1176)",False,0,,,,
TheAlgorithms/JavaScript,bd7de6a0104ba03d56a5a136ee720c5819d5c8d5,32b9a9900ed11af6fcc005dc9e688e9a896f25f7,2022-10-13T17:27:05+02:00,node,"chore: Remove unused deps, clean up package.json a bit (#1176)",False,0,,,,
TheAlgorithms/JavaScript,bd7de6a0104ba03d56a5a136ee720c5819d5c8d5,32b9a9900ed11af6fcc005dc9e688e9a896f25f7,2022-10-13T17:27:05+02:00,node-fetch,"chore: Remove unused deps, clean up package.json a bit (#1176)",False,0,,,,
TheAlgorithms/JavaScript,072523d594422f7e0c39ca3bbecef1efd5ee95b0,7722870183ce53ed9d57c633e0aac7bc65200972,2021-10-28T15:37:43+05:30,mocha,merge: Fix spellings (#821),False,0,,,,
qishibo/AnotherRedisDesktopManager,02113bb4da304497c93fbec35f64f6a998e51bf9,b6a7bda0c572762001ec89310a65571e88f47786,2024-05-05T21:25:15+08:00,@qii404/ioredis,update ioredis to 5.3.2,False,0,,,,
qishibo/AnotherRedisDesktopManager,2c85f3a1a3f3cfad877a54793c097b86879a6b48,a97fcfe31708916c85f60856ccfb219a8728b3fe,2022-08-16T17:51:42+08:00,@msgpack/msgpack,fix #936 msgpack bigint,False,0,,,,
qishibo/AnotherRedisDesktopManager,807e32d32fd7a4f735a1dd80b0c0edd314d5e967,0aba24a821e8f66d9f0da8ab7b099c9c03541b2d,2022-06-01T16:10:34+08:00,@qii404/ztree_v3,key list style update (#865),False,0,,,,
qishibo/AnotherRedisDesktopManager,ef3467255758239116ddb139e5ca5176ca1ad742,b2b62a360fa6cd8a2dc91351db69fc04a1363423,2022-03-02T09:07:31+08:00,ioredis,readonly bug fix,False,0,,,,
qishibo/AnotherRedisDesktopManager,261a7de2cf15ff00a38c74860e34069aa2b4309f,07783231500da29043a345807b8068984104d047,2022-01-24T21:34:03+08:00,@ztree/ztree_v3,Feature/load all keys (#770),False,0,,,,
qishibo/AnotherRedisDesktopManager,7eac116ccca0fd2e6fb00f5b975ea7e09325dc87,595885db3c6a22cad258124e9bcf2448b799378c,2022-01-19T14:27:51+08:00,json-bigint,copy command modify,False,0,,,,
qishibo/AnotherRedisDesktopManager,7eac116ccca0fd2e6fb00f5b975ea7e09325dc87,595885db3c6a22cad258124e9bcf2448b799378c,2022-01-19T14:27:51+08:00,redis-splitargs,copy command modify,False,0,,,,
qishibo/AnotherRedisDesktopManager,9856d9d8cc8adbf5ff7789131ca7b108bd855bb3,81d3676e7c74303d839b81af2a40f21e0dc1295a,2021-12-31T22:52:40+08:00,brotli,remove npm package brotli,False,0,,,,
qishibo/AnotherRedisDesktopManager,81d3676e7c74303d839b81af2a40f21e0dc1295a,14466189ac3ac9f00237aae4bd8190c3cdd17271,2021-12-31T22:52:40+08:00,zlib,unzip support (gz inflate),False,0,,,,
qishibo/AnotherRedisDesktopManager,c0fed1516867274bcec916e0225224dfa4cb018b,7e21e3b3d2da373096bf571f9f6a325af5efb06e,2021-11-26T11:29:31+08:00,vue-json-viewer,json editable,False,0,,,,
qishibo/AnotherRedisDesktopManager,01f2539891f44a5a78ab5181c63895934b55a421,0297b0c63928b3cc08908061c000497cb1dbd372,2021-03-25T21:41:55+08:00,splitargs,fix #501 fix quotes missing in cli,False,0,,,,
qishibo/AnotherRedisDesktopManager,ce832cc02ce0a9c13fc9ca70cd9da00c7def6f0b,ea896b96b0d1c45027c05ade3b0fc507afc190ea,2020-06-11T16:27:25+08:00,font-manager,change font-manager to font-list,False,0,,,,
qishibo/AnotherRedisDesktopManager,876fc9bf049abbf2b0ce1d9bc7820fc6d61995bd,05ce62024785f8034699e60c28bd29eae1ad6fc5,2020-05-24T22:29:06+08:00,locutus,optimize json view,False,0,,,,
qishibo/AnotherRedisDesktopManager,876fc9bf049abbf2b0ce1d9bc7820fc6d61995bd,05ce62024785f8034699e60c28bd29eae1ad6fc5,2020-05-24T22:29:06+08:00,vue-json-pretty,optimize json view,False,0,,,,
qishibo/AnotherRedisDesktopManager,26429690fb1744e0abf82d0d9bea30fa9cf8b16f,57e59f5fc5429ed113d4d7a001d92103f0e241e9,2020-04-05T10:49:35+08:00,hiredis,remove hiredis,False,0,,,,
qishibo/AnotherRedisDesktopManager,37964c2f6472685e5341d6350c183be3589f1a6e,cf51aeebd812ba819279e551c64e0fa8f440bf18,2020-04-03T12:57:53+08:00,bluebird,cluster support,False,0,,,,
qishibo/AnotherRedisDesktopManager,1f62c844e8ef0bf81df6079a632e03f99cec2b16,5cc23ba4c9de072bc8c0685119c69c260e2b6fc6,2020-03-20T23:08:19+08:00,redis,change node_redis to ioredis,False,0,,,,
qishibo/AnotherRedisDesktopManager,0bae38c488e8f0b986d13e66781321dff0c84a22,3d4cfd3c85b00e5c336a0f752dc89d3c258e69c4,2019-06-01T13:43:45+08:00,axios,remove more dependence,False,0,,,,
qishibo/AnotherRedisDesktopManager,e25ef4e0cd28d8c2f9933cb58f37a8ceb74dcb07,41995cfbc20883375c2abbc6c662fc4b97f3992b,2019-05-27T17:41:34+08:00,vue-draggable-resizable,key list resize rewrite,False,0,,,,
qishibo/AnotherRedisDesktopManager,602ebcd83a432feb03582e556f169cf2badd9f2f,bd9f2c29cce1b75f44034664b0ebfd5ab24e629b,2019-03-01T11:40:59+08:00,nw,add eslint check,False,0,,,,
qishibo/AnotherRedisDesktopManager,abd3e307336c06a8c326b657bfdedc3502653af3,697547d3e29e91d68d22aa529f4c76ef9e749310,2019-02-01T12:01:33+08:00,vue-router,optimize,False,0,,,,
gchq/CyberChef,4e62aa6e1dff58edec3373d46662754f389e11be,fcecd029c71c58323939fb85495cca51a62164e9,2025-03-02T01:51:09+01:00,js-crc,"The CRC Operation is implemented natively with all currently known CRC's. Old Operations (CRC8, CRC16 and CRC32) and their dependencies are removed",False,0,,,,
gchq/CyberChef,7eb9e08ad206b612cf4c1adbb2037257b84c9a79,2007b26d575caef9fa316025858347e71a27f647,2025-01-23T11:27:45+00:00,otp,build(deps): use optauth instead of opt,False,0,,,,
gchq/CyberChef,e1c73a64ad9dde36bde56a64bbfb61855e61128a,c4e7c41a6ee791be175339322328ef605aaf8aee,2024-03-13T09:51:22-07:00,xmldom,Updated xmldom package to new namespace for vuln remediation,False,0,,,,
gchq/CyberChef,7b245b084a80c6cd247ab48a901d98b140e4bb9b,b00f64518f8e634d04bae3fc95491246ba226c02,2022-09-09T21:22:55+01:00,node-sass,Updated to Node v18 and removed node-sass dependency,False,0,1874,1861,2.25,2.25
gchq/CyberChef,1dd1b839b8fc6b446d589afa2bbdc3b6bf1b2af0,d90d845f27273c28a4f590401a3c0ed15437d827,2022-09-09T20:39:28+01:00,jsonpath,Switched jsonpath library to jsonpath-plus. Fixes #1318,False,0,1874,1874,2.25,2.25
gchq/CyberChef,6e7240026a1212bf5e54c1246ae40af7b6ce9850,8bae7bf809956ba552956f99d53d2c4984f6db07,2022-06-03T22:13:44+01:00,babel-plugin-transform-builtin-extend,Updated dependencies,False,0,1873,1873,2.25,2.25
gchq/CyberChef,9273f97d8856a21cb4d42574c3f67a05d2c7beca,98a6baf55ad4392f25cc4911985464198568a7d3,2022-03-28T15:42:11+01:00,terser,Updated dependencies,False,0,1841,1808,2.12,2.1
gchq/CyberChef,9e3733b33b28f26dcc4548df4bdc5bbb376517e2,4ef65589e8b77b16d8ea610c2304e7f4eceed1ac,2022-03-25T18:28:01+00:00,esm,Fixed Node imports,False,0,1883,1884,2.2083,2.1373
gchq/CyberChef,b09f98fbb440a3dbdb36f6e08be519625dace39f,e43e010163962a46fdcc3cfdd4e9cd636b45b95a,2022-03-25T14:59:54+00:00,@babel/runtime,Updated to Node 17,False,0,1885,1886,2.2083,2.2083
gchq/CyberChef,b09f98fbb440a3dbdb36f6e08be519625dace39f,e43e010163962a46fdcc3cfdd4e9cd636b45b95a,2022-03-25T14:59:54+00:00,core-js,Updated to Node 17,False,0,1885,1886,2.2083,2.2083
gchq/CyberChef,462f619f43e58e880a48a75159158714faa4f604,734962ac22c020d02deefdb5cb2466f6991b4f52,2019-10-31T23:18:54-07:00,esmangle,Update JavaScript Minify operation to support ES6.,False,0,,,,
gchq/CyberChef,223743e3b54697d5c55fa1ca90065a12810dff52,44ed372f2126ccf8bfa4f5be851623f912d3069e,2019-10-16T15:37:18+01:00,clippyjs,Removed Clippy,False,0,,,,
gchq/CyberChef,d3e6200385d0d8aaa36243ca9b64e3f1c1a694fe,af504891e47f6b409db137e5e05dc9cfd8ac1e24,2019-04-05T17:15:21+01:00,@babel/polyfill,remove babel-polyfill and update plugins to work with uplifted version,False,0,,,,
gchq/CyberChef,2385f1cbf8b7c1afc60039764d1f85b01e92237e,ce208b69fe42922278361a4231171dfdafd358da,2019-03-30T14:56:43+00:00,babel-polyfill,Updated dependencies,False,0,,,,
gchq/CyberChef,aad1bc898e6b8cac96610a7815c6fdfeb3671a2d,4add484d2ad7eb88779525d1a68f942e5b73d910,2019-03-20T12:38:49+00:00,mime,update file shim to use detectFileType.,False,0,,,,
gchq/CyberChef,fd7fd9ca35b11a09bbe8d04693d2628e44af4b61,ca6d472e5db13d564b508548f17b7e379d6e806f,2019-03-11T11:55:44+00:00,jsdom,Remove jsdom from dependencies,False,0,,,,
gchq/CyberChef,ee360521bb757c9cae9010b13db0932a46aa1e02,04b0b8c72344aa136dd2cd879fc99f2ffb678ec5,2019-01-14T16:41:06+00:00,mgrs,Remove MGRS npm module,False,0,,,,
gchq/CyberChef,43dcd544f2ced678e27d4214e1910ef1c3c02df9,b29bb6fdd7d780317b7ebe37ce1bd6f039401c00,2018-12-25T23:58:00+00:00,jsbn,Added webpack-bundle-analyzer to production build. Refactored some modules to improve performance. Removed moment-timezone from Utils to drastically reduce module size.,False,0,,,,
gchq/CyberChef,0453bd098bacef56c3e90c5bec9cb5e62041b5f5,4dc6dac885b69dbb17fbae6b18b3d9779788fbed,2018-08-06T07:39:25+01:00,phantomjs-prebuilt,Removed phantomjs-prebuilt from direct dependencies,False,0,,,,
gchq/CyberChef,4147ec719bd522a7c0e080bcf0a81482112a59fc,7d410fcdc917a57c6b2a39c0744ea03aa3e38d9c,2018-06-17T12:44:12+01:00,bootstrap-switch,Converted modals to Bootstrap 4 Material Design,False,0,,,,
gchq/CyberChef,189e077247b81e2267c4fa1c65f0c64cb396a825,c29ea5340532919e5fab90e113054184b7256d1b,2018-05-23T16:54:12+01:00,sladex-blowfish,Ported blowfish operations and library to ESM modules,False,0,,,,
gchq/CyberChef,e55cfe0bc1cbadb950f799f2db81196bf2389210,2b703b2b9b8d08a76d79824f662bbf9cb7a0a363,2018-01-25T18:41:47+00:00,google-code-prettify,Fixed 'Syntax highlighter' operation. Using highlight.js instead of google-code-prettify.,False,0,,,,
gchq/CyberChef,db8955d90d84ebd8f922868fdba29d82e1f516dd,5a5ce1101b8406360a337ba6cc5dd15720fd4c1f,2017-12-24T17:44:32+00:00,babel-polyfill,WIP: add encrypt and decrypt operations,False,0,,,,
gchq/CyberChef,3ee67927a51dfcbb1b05b4e522f0851cc2fd47e5,7ecd36efcfdb68fcff3db17b47de829700a251e5,2017-05-19T14:17:34+00:00,bootstrap-sass,Moved bootstrap from devDependencies to dependencies and removed bootstrap-sass.,False,0,,,,
gchq/CyberChef,e120422b058eb47630d1eff8b9ae84f66d29c54c,c60e99288f9a4fa417107e47da61c3ead4560168,2017-04-09T14:06:59+01:00,bootstrap,Styles now imported through Sass. Less removed.,False,0,,,,
gchq/CyberChef,df15826912e944bd30ef1032bb17fc093be4ffe3,fce13130cd5b982a365b9fa1da5910c2c7e2ffb3,2017-03-22T16:12:53+00:00,babel-polyfill,CSS now packaged with webpack instead of Grunt,False,0,,,,
gchq/CyberChef,99f306dc1874af6711e2d2ab6d55fd9088815b23,a21e0e546bf45bb63e51cd9417b51c90a5c3a720,2017-03-07T11:27:36+00:00,uas-parser,Removed unused standalone libraries and fixed a few outstanding imports.,False,0,,,,
gulpjs/gulp,0c660697b8376c0185bb9e65aca0c01107b7433e,c3dbc10afa7dcd8c86eebcd7f87967ac1f680da2,2017-12-31T15:48:38-07:00,chokidar,Breaking: Replace chokidar as gulp.watch with glob-watcher wrapper,False,0,555,543,1.1538,1.1319
gulpjs/gulp,6095f350486ea47fc2d8203a68980230b3573af1,2d0fa20a030c3111e6ec67be087d8b0c84364f49,2017-12-31T15:18:43-07:00,gulp-util,Update: Remove gulp-util & depend on unpublished gulp-cli,False,0,452,452,1.0811,1.0811
gulpjs/gulp,9fda7b405e15aea6798277bd134b882251784fb4,f0942aaf9dbdeda83a33273791686a20ae6d4d4a,2017-12-31T15:12:44-07:00,deprecated,Breaking: Replace Orchestrator with Undertaker,False,0,686,493,1.114,1.1325
gulpjs/gulp,9fda7b405e15aea6798277bd134b882251784fb4,f0942aaf9dbdeda83a33273791686a20ae6d4d4a,2017-12-31T15:12:44-07:00,orchestrator,Breaking: Replace Orchestrator with Undertaker,False,0,686,493,1.114,1.1325
gulpjs/gulp,f0942aaf9dbdeda83a33273791686a20ae6d4d4a,abd73b7fb0ab6eb2ccdc4407e367c169a0e1a887,2017-12-31T15:12:14-07:00,archy,Update: Replace inline CLI code with gulp-cli dependency,False,0,1040,686,1.3172,1.114
gulpjs/gulp,f0942aaf9dbdeda83a33273791686a20ae6d4d4a,abd73b7fb0ab6eb2ccdc4407e367c169a0e1a887,2017-12-31T15:12:14-07:00,chalk,Update: Replace inline CLI code with gulp-cli dependency,False,0,1040,686,1.3172,1.114
gulpjs/gulp,f0942aaf9dbdeda83a33273791686a20ae6d4d4a,abd73b7fb0ab6eb2ccdc4407e367c169a0e1a887,2017-12-31T15:12:14-07:00,interpret,Update: Replace inline CLI code with gulp-cli dependency,False,0,1040,686,1.3172,1.114
gulpjs/gulp,f0942aaf9dbdeda83a33273791686a20ae6d4d4a,abd73b7fb0ab6eb2ccdc4407e367c169a0e1a887,2017-12-31T15:12:14-07:00,liftoff,Update: Replace inline CLI code with gulp-cli dependency,False,0,1040,686,1.3172,1.114
gulpjs/gulp,f0942aaf9dbdeda83a33273791686a20ae6d4d4a,abd73b7fb0ab6eb2ccdc4407e367c169a0e1a887,2017-12-31T15:12:14-07:00,minimist,Update: Replace inline CLI code with gulp-cli dependency,False,0,1040,686,1.3172,1.114
gulpjs/gulp,f0942aaf9dbdeda83a33273791686a20ae6d4d4a,abd73b7fb0ab6eb2ccdc4407e367c169a0e1a887,2017-12-31T15:12:14-07:00,pretty-hrtime,Update: Replace inline CLI code with gulp-cli dependency,False,0,1040,686,1.3172,1.114
gulpjs/gulp,f0942aaf9dbdeda83a33273791686a20ae6d4d4a,abd73b7fb0ab6eb2ccdc4407e367c169a0e1a887,2017-12-31T15:12:14-07:00,semver,Update: Replace inline CLI code with gulp-cli dependency,False,0,1040,686,1.3172,1.114
gulpjs/gulp,f0942aaf9dbdeda83a33273791686a20ae6d4d4a,abd73b7fb0ab6eb2ccdc4407e367c169a0e1a887,2017-12-31T15:12:14-07:00,tildify,Update: Replace inline CLI code with gulp-cli dependency,False,0,1040,686,1.3172,1.114
gulpjs/gulp,f0942aaf9dbdeda83a33273791686a20ae6d4d4a,abd73b7fb0ab6eb2ccdc4407e367c169a0e1a887,2017-12-31T15:12:14-07:00,v8flags,Update: Replace inline CLI code with gulp-cli dependency,False,0,1040,686,1.3172,1.114
gulpjs/gulp,761da2990427b5cbd7aaee26448cb61a2edc3db7,621d0e07688c080001be0d908d105ea9dae856f5,2014-02-05T16:35:16-05:00,resolve,implement the gulp cli using node-liftoff.,False,0,924,828,1.3106,1.2302
gulpjs/gulp,761da2990427b5cbd7aaee26448cb61a2edc3db7,621d0e07688c080001be0d908d105ea9dae856f5,2014-02-05T16:35:16-05:00,findup-sync,implement the gulp cli using node-liftoff.,False,0,924,828,1.3106,1.2302
gulpjs/gulp,761da2990427b5cbd7aaee26448cb61a2edc3db7,621d0e07688c080001be0d908d105ea9dae856f5,2014-02-05T16:35:16-05:00,minimist,implement the gulp cli using node-liftoff.,False,0,924,828,1.3106,1.2302
gulpjs/gulp,c0635f1919defb5a9538dac78effb2a8ce33a548,5ec0c3b4e7c9342b4b7fb973e0a532cd65a05372,2014-02-02T15:44:10-07:00,optimist,use minimist instead of optimist,False,0,925,926,1.3037,1.3037
gulpjs/gulp,13e0f9788fd860cf06ba7fa0553d1a53bb1fac23,636f0162abd1f1805d2ca0098c773de96458cd1f,2014-01-15T21:40:39-07:00,glob-stream,switch to vinyl-fs,False,0,912,694,1.3534,1.2762
gulpjs/gulp,13e0f9788fd860cf06ba7fa0553d1a53bb1fac23,636f0162abd1f1805d2ca0098c773de96458cd1f,2014-01-15T21:40:39-07:00,mkdirp,switch to vinyl-fs,False,0,912,694,1.3534,1.2762
gulpjs/gulp,13e0f9788fd860cf06ba7fa0553d1a53bb1fac23,636f0162abd1f1805d2ca0098c773de96458cd1f,2014-01-15T21:40:39-07:00,glob-watcher,switch to vinyl-fs,False,0,912,694,1.3534,1.2762
gulpjs/gulp,13e0f9788fd860cf06ba7fa0553d1a53bb1fac23,636f0162abd1f1805d2ca0098c773de96458cd1f,2014-01-15T21:40:39-07:00,graceful-fs,switch to vinyl-fs,False,0,912,694,1.3534,1.2762
gulpjs/gulp,13e0f9788fd860cf06ba7fa0553d1a53bb1fac23,636f0162abd1f1805d2ca0098c773de96458cd1f,2014-01-15T21:40:39-07:00,through,switch to vinyl-fs,False,0,912,694,1.3534,1.2762
gulpjs/gulp,13e0f9788fd860cf06ba7fa0553d1a53bb1fac23,636f0162abd1f1805d2ca0098c773de96458cd1f,2014-01-15T21:40:39-07:00,map-stream,switch to vinyl-fs,False,0,912,694,1.3534,1.2762
gulpjs/gulp,13e0f9788fd860cf06ba7fa0553d1a53bb1fac23,636f0162abd1f1805d2ca0098c773de96458cd1f,2014-01-15T21:40:39-07:00,semver,switch to vinyl-fs,False,0,912,694,1.3534,1.2762
gulpjs/gulp,c29cb15680d97a0c2a54712508e7024c6baa5dde,cde327ac05a89475ae25e075d21c34eccf3b4305,2014-01-09T01:15:13-07:00,semver,remove file.contents pausing,False,0,879,854,1.3651,1.336
gulpjs/gulp,cde327ac05a89475ae25e075d21c34eccf3b4305,0135244f5aa89af4215542dae0a9b0b098fb9b01,2014-01-08T23:25:35-07:00,event-stream,remove useless event-stream dep. switch to graceful-fs. closes #112,False,0,881,879,1.3651,1.3651
gulpjs/gulp,c17cbf9369ef1814c344beb9f5e5658fd4bbe62d,0ed611943f970afc2749930a82c6772435c39f0b,2013-12-20T15:21:02-07:00,gaze,move glob-watcher to its own module. closes #43,False,0,939,846,1.305,1.3306
gulpjs/gulp,7c7ce92867f00cf7f6dc335a4a2a4d3f8fe6400f,2b9936d5c07e38dfb5c43a05f62dfadfdbdc7e0b,2013-12-03T18:32:09-07:00,chalk,"move logging to gulp-util, use gulp-util for pretty times. templating now exists in gulp-util",False,0,874,866,1.291,1.2857
gulpjs/gulp,3f9847d7be24377aa70aac9cbd55d2227a71ceb1,f27640957ed8102ee7f6fddb5e5d91196e967b02,2013-07-05T20:30:48-07:00,async,fix shorten path,False,0,315,314,1.1481,1.1481
gulpjs/gulp,3f9847d7be24377aa70aac9cbd55d2227a71ceb1,f27640957ed8102ee7f6fddb5e5d91196e967b02,2013-07-05T20:30:48-07:00,ensureDir,fix shorten path,False,0,315,314,1.1481,1.1481
gulpjs/gulp,bc921ac261564af0c78fe98e9b8cdf3c13dabc3a,286a375c1c99c04500ccbe50a77d4946ed7bdebd,2013-07-04T18:34:35-07:00,coffee-script,pure js,False,0,63,219,1.2,1.0476
gulpjs/gulp,bc921ac261564af0c78fe98e9b8cdf3c13dabc3a,286a375c1c99c04500ccbe50a77d4946ed7bdebd,2013-07-04T18:34:35-07:00,glob,pure js,False,0,63,219,1.2,1.0476
gulpjs/gulp,1774dd12a3a56b121b475df7260c25b6de87a933,28dc83abb2a579fdf079c20560f7e4b879d2d511,2013-07-04T16:43:08-07:00,colors,remove stupid dep,False,0,2,2,,
